-- phpMyAdmin SQL Dump
-- version 4.7.4
-- https://www.phpmyadmin.net/
--
-- Host: 127.0.0.1
-- Generation Time: Feb 21, 2018 at 08:46 AM
-- Server version: 10.1.28-MariaDB
-- PHP Version: 7.1.11

SET SQL_MODE = "NO_AUTO_VALUE_ON_ZERO";
SET AUTOCOMMIT = 0;
START TRANSACTION;
SET time_zone = "+00:00";


/*!40101 SET @OLD_CHARACTER_SET_CLIENT=@@CHARACTER_SET_CLIENT */;
/*!40101 SET @OLD_CHARACTER_SET_RESULTS=@@CHARACTER_SET_RESULTS */;
/*!40101 SET @OLD_COLLATION_CONNECTION=@@COLLATION_CONNECTION */;
/*!40101 SET NAMES utf8mb4 */;

--
-- Database: `db_shop`
--

-- --------------------------------------------------------

--
-- Table structure for table `tbl_admin`
--

CREATE TABLE `tbl_admin` (
  `adminId` int(11) NOT NULL,
  `adminName` varchar(255) NOT NULL,
  `adminUser` varchar(255) NOT NULL,
  `adminEmail` varchar(255) NOT NULL,
  `adminPass` varchar(32) NOT NULL,
  `level` tinyint(4) NOT NULL
) ENGINE=InnoDB DEFAULT CHARSET=latin1;

--
-- Dumping data for table `tbl_admin`
--

INSERT INTO `tbl_admin` (`adminId`, `adminName`, `adminUser`, `adminEmail`, `adminPass`, `level`) VALUES
(1, 'Saidur Rohman', 'saidur', 'saidhstu@gmail.com', '81dc9bdb52d04dc20036dbd8313ed055', 0);

-- --------------------------------------------------------

--
-- Table structure for table `tbl_brand`
--

CREATE TABLE `tbl_brand` (
  `brandId` int(11) NOT NULL,
  `brandName` varchar(255) NOT NULL
) ENGINE=InnoDB DEFAULT CHARSET=latin1;

--
-- Dumping data for table `tbl_brand`
--

INSERT INTO `tbl_brand` (`brandId`, `brandName`) VALUES
(1, 'APPLE'),
(2, 'SAMSUNG'),
(3, 'CANON'),
(4, 'ACER'),
(5, 'HUAWEI'),
(6, 'ASUS'),
(7, 'Sony'),
(9, 'MICROLAB'),
(10, 'LG'),
(11, 'Richman'),
(12, 'Unknown'),
(13, 'OPPO'),
(14, 'Intel'),
(15, 'Dell'),
(16, 'HP');

-- --------------------------------------------------------

--
-- Table structure for table `tbl_cart`
--

CREATE TABLE `tbl_cart` (
  `cartId` int(11) NOT NULL,
  `sId` varchar(255) NOT NULL,
  `productId` int(11) NOT NULL,
  `productName` varchar(255) NOT NULL,
  `price` float(10,2) NOT NULL,
  `quantity` int(11) NOT NULL,
  `image` varchar(255) NOT NULL
) ENGINE=InnoDB DEFAULT CHARSET=latin1;

-- --------------------------------------------------------

--
-- Table structure for table `tbl_category`
--

CREATE TABLE `tbl_category` (
  `catId` int(11) NOT NULL,
  `catName` varchar(255) NOT NULL
) ENGINE=InnoDB DEFAULT CHARSET=latin1;

--
-- Dumping data for table `tbl_category`
--

INSERT INTO `tbl_category` (`catId`, `catName`) VALUES
(1, 'Desktop'),
(2, 'Laptop'),
(3, 'Mobile Phone'),
(4, 'Accessories'),
(5, 'Software'),
(6, 'Footware'),
(7, 'Jewellery'),
(8, 'Clothing'),
(9, 'Camera'),
(10, 'TV'),
(11, 'Refrigerator'),
(12, 'Electronic Device'),
(13, 'Computer Pheripheral'),
(14, 'Sports'),
(15, 'Furniture');

-- --------------------------------------------------------

--
-- Table structure for table `tbl_compare`
--

CREATE TABLE `tbl_compare` (
  `id` int(11) NOT NULL,
  `cmrId` int(11) NOT NULL,
  `productId` int(11) NOT NULL,
  `productName` varchar(255) NOT NULL,
  `price` float(10,2) NOT NULL,
  `image` varchar(255) NOT NULL
) ENGINE=InnoDB DEFAULT CHARSET=latin1;

-- --------------------------------------------------------

--
-- Table structure for table `tbl_customer`
--

CREATE TABLE `tbl_customer` (
  `id` int(11) NOT NULL,
  `name` varchar(255) NOT NULL,
  `address` text NOT NULL,
  `city` varchar(30) NOT NULL,
  `country` varchar(30) NOT NULL,
  `zip` varchar(20) NOT NULL,
  `phone` varchar(30) NOT NULL,
  `email` varchar(255) NOT NULL,
  `pass` varchar(32) NOT NULL
) ENGINE=InnoDB DEFAULT CHARSET=latin1;

--
-- Dumping data for table `tbl_customer`
--

INSERT INTO `tbl_customer` (`id`, `name`, `address`, `city`, `country`, `zip`, `phone`, `email`, `pass`) VALUES
(1, 'saidur', 'lichu banag, dinajpur,bangladesh', 'Dinajpur', 'bangladesh', '5200', '01744975940', 'saidurrohman2021@gmail.com', '1234'),
(2, 'S.m Mahmud', 'medical campus,rangpur', 'rangpur', 'Bangladesh', '5280', '0152140734', 'maruf@gmail.com', '1234');

-- --------------------------------------------------------

--
-- Table structure for table `tbl_order`
--

CREATE TABLE `tbl_order` (
  `id` int(11) NOT NULL,
  `cmrId` int(11) NOT NULL,
  `productId` int(11) NOT NULL,
  `productName` varchar(255) NOT NULL,
  `quantity` int(11) NOT NULL,
  `price` float(10,2) NOT NULL,
  `image` varchar(255) NOT NULL,
  `date` datetime NOT NULL DEFAULT CURRENT_TIMESTAMP,
  `status` int(11) NOT NULL DEFAULT '0'
) ENGINE=InnoDB DEFAULT CHARSET=latin1;

--
-- Dumping data for table `tbl_order`
--

INSERT INTO `tbl_order` (`id`, `cmrId`, `productId`, `productName`, `quantity`, `price`, `image`, `date`, `status`) VALUES
(173, 2, 61, 'Apple iMAC MNDY2ZP/A', 2, 266.00, 'uploads/29862eefc3.jpg', '2017-11-27 22:26:23', 0),
(174, 2, 32, 'Acer Aspire E1-571G Core i5', 2, 108000.00, 'uploads/41acabecf0.png', '2017-11-27 22:26:23', 0),
(175, 2, 28, 'Samsung LCD Monitor', 3, 87000.00, 'uploads/737f18acc7.png', '2017-11-27 22:26:23', 0),
(176, 2, 39, ' T-shirt', 1, 400.00, 'uploads/bb819aa354.jpg', '2017-11-27 22:26:23', 0),
(177, 2, 27, 'Huawei Y6', 3, 114000.00, 'uploads/eac54a8510.jpeg', '2017-11-27 22:26:23', 2),
(178, 2, 51, 'Victorian Bed', 1, 15950.00, 'uploads/b0378eb246.jpg', '2017-11-27 22:26:23', 2),
(179, 2, 65, 'Asus Vivobook X442UA Core i5', 2, 96000.00, 'uploads/1caac13775.jpg', '2017-11-27 22:26:23', 2),
(180, 2, 61, 'Apple iMAC MNDY2ZP/A', 1, 133000.00, 'uploads/29862eefc3.jpg', '2017-11-28 10:28:26', 0),
(181, 2, 72, 'Apple iPhone 7', 1, 99900.00, 'uploads/21d9e5056f.jpg', '2017-11-28 20:34:56', 0),
(182, 2, 72, 'Apple iPhone 7', 1, 99900.00, 'uploads/21d9e5056f.jpg', '2017-11-28 20:35:04', 0),
(183, 2, 47, 'Samsung GALAXY A5  pro', 1, 26990.00, 'uploads/6afdff3863.jpg', '2017-11-29 21:02:20', 0),
(184, 2, 72, 'Apple iPhone 7', 1, 99900.00, 'uploads/21d9e5056f.jpg', '2017-11-29 21:03:14', 0),
(185, 2, 51, 'Victorian Bed', 1, 15950.00, 'uploads/b0378eb246.jpg', '2017-11-29 23:34:55', 0),
(186, 2, 51, 'Victorian Bed', 1, 15950.00, 'uploads/b0378eb246.jpg', '2017-11-30 00:42:07', 0);

-- --------------------------------------------------------

--
-- Table structure for table `tbl_product`
--

CREATE TABLE `tbl_product` (
  `productId` int(11) NOT NULL,
  `productName` varchar(255) NOT NULL,
  `catId` int(11) NOT NULL,
  `brandId` int(11) NOT NULL,
  `body` text NOT NULL,
  `price` float(10,2) NOT NULL,
  `image` varchar(255) NOT NULL,
  `type` tinyint(4) NOT NULL DEFAULT '0'
) ENGINE=InnoDB DEFAULT CHARSET=latin1;

--
-- Dumping data for table `tbl_product`
--

INSERT INTO `tbl_product` (`productId`, `productName`, `catId`, `brandId`, `body`, `price`, `image`, `type`) VALUES
(26, 'Apple iPhone 6s Plus', 3, 1, '<div class=\"pd_detail_wrp margin_b30\">\r\n<div class=\"pd_detail_head margin_b20\">GENERAL</div>\r\n<table style=\"width: 100%;\" cellspacing=\"0\" cellpadding=\"0\">\r\n<tbody>\r\n<tr class=\"firstrow\">\r\n<td width=\"50%\">Release date</td>\r\n<td width=\"50%\"><span>September 2015</span></td>\r\n</tr>\r\n<tr>\r\n<td width=\"50%\">Form factor</td>\r\n<td width=\"50%\">Touchscreen</td>\r\n</tr>\r\n<tr>\r\n<td width=\"50%\">Dimensions (mm)</td>\r\n<td width=\"50%\"><span>158.20&nbsp;</span>x&nbsp;<span>77.90&nbsp;</span>x&nbsp;<span>7.30</span></td>\r\n</tr>\r\n<tr>\r\n<td width=\"50%\">Weight (g)</td>\r\n<td width=\"50%\">192.00</td>\r\n</tr>\r\n<tr>\r\n<td width=\"50%\">Battery capacity (mAh)</td>\r\n<td width=\"50%\">2750</td>\r\n</tr>\r\n<tr>\r\n<td width=\"50%\">Removable battery</td>\r\n<td width=\"50%\">No</td>\r\n</tr>\r\n<tr>\r\n<td width=\"50%\">Colours</td>\r\n<td width=\"50%\">Silver, Gold, Space Gray, Rose Gold</td>\r\n</tr>\r\n</tbody>\r\n</table>\r\n</div>\r\n<div class=\"pd_detail_wrp margin_b30\">\r\n<div class=\"pd_detail_head margin_b20\">DISPLAY</div>\r\n<table style=\"width: 100%;\" cellspacing=\"0\" cellpadding=\"0\">\r\n<tbody>\r\n<tr class=\"firstrow\">\r\n<td width=\"50%\">Screen size (inches)</td>\r\n<td width=\"50%\">5.50</td>\r\n</tr>\r\n<tr>\r\n<td width=\"50%\">Touchscreen</td>\r\n<td width=\"50%\">Yes</td>\r\n</tr>\r\n<tr>\r\n<td width=\"50%\">Resolution</td>\r\n<td width=\"50%\">1080x1920 pixels</td>\r\n</tr>\r\n<tr>\r\n<td width=\"50%\">Pixels per inch (PPI)</td>\r\n<td width=\"50%\">401</td>\r\n</tr>\r\n</tbody>\r\n</table>\r\n</div>\r\n<div class=\"pd_detail_wrp margin_b30\">\r\n<div class=\"pd_detail_head margin_b20\">HARDWARE</div>\r\n<table style=\"width: 100%;\" cellspacing=\"0\" cellpadding=\"0\">\r\n<tbody>\r\n<tr class=\"firstrow\">\r\n<td width=\"50%\">Processor make</td>\r\n<td width=\"50%\">A9</td>\r\n</tr>\r\n<tr>\r\n<td width=\"50%\">RAM</td>\r\n<td width=\"50%\">2GB</td>\r\n</tr>\r\n<tr>\r\n<td width=\"50%\">Internal storage</td>\r\n<td width=\"50%\">16GB</td>\r\n</tr>\r\n<tr>\r\n<td width=\"50%\">Expandable storage</td>\r\n<td width=\"50%\">No</td>\r\n</tr>\r\n</tbody>\r\n</table>\r\n</div>\r\n<div class=\"pd_detail_wrp margin_b30\">\r\n<div class=\"pd_detail_head margin_b20\">CAMERA</div>\r\n<table style=\"width: 100%;\" cellspacing=\"0\" cellpadding=\"0\">\r\n<tbody>\r\n<tr class=\"firstrow\">\r\n<td width=\"50%\">Rear camera</td>\r\n<td width=\"50%\">12-megapixel</td>\r\n</tr>\r\n<tr>\r\n<td width=\"50%\">Rear Flash</td>\r\n<td width=\"50%\">Yes</td>\r\n</tr>\r\n<tr>\r\n<td width=\"50%\">Front camera</td>\r\n<td width=\"50%\">5-megapixel</td>\r\n</tr>\r\n</tbody>\r\n</table>\r\n</div>\r\n<div class=\"pd_detail_wrp margin_b30\">\r\n<div class=\"pd_detail_head margin_b20\">SOFTWARE</div>\r\n<table style=\"width: 100%;\" cellspacing=\"0\" cellpadding=\"0\">\r\n<tbody>\r\n<tr class=\"firstrow\">\r\n<td width=\"50%\">Operating System</td>\r\n<td width=\"50%\">iOS 9</td>\r\n</tr>\r\n</tbody>\r\n</table>\r\n</div>\r\n<div class=\"pd_detail_wrp margin_b30\">\r\n<div class=\"pd_detail_head margin_b20\">CONNECTIVITY</div>\r\n<table style=\"width: 100%;\" cellspacing=\"0\" cellpadding=\"0\">\r\n<tbody>\r\n<tr class=\"firstrow\">\r\n<td width=\"50%\">Wi-Fi</td>\r\n<td width=\"50%\">Yes</td>\r\n</tr>\r\n<tr>\r\n<td width=\"50%\">Wi-Fi standards supported</td>\r\n<td width=\"50%\">802.11 a/b/g/n/ac</td>\r\n</tr>\r\n<tr>\r\n<td width=\"50%\">GPS</td>\r\n<td width=\"50%\">Yes</td>\r\n</tr>\r\n<tr>\r\n<td width=\"50%\">Bluetooth</td>\r\n<td width=\"50%\">Yes, v 4.20</td>\r\n</tr>\r\n<tr>\r\n<td width=\"50%\">NFC</td>\r\n<td width=\"50%\">Yes</td>\r\n</tr>\r\n<tr>\r\n<td width=\"50%\">Infrared</td>\r\n<td width=\"50%\">No</td>\r\n</tr>\r\n<tr>\r\n<td width=\"50%\">USB OTG</td>\r\n<td width=\"50%\">No</td>\r\n</tr>\r\n<tr>\r\n<td width=\"50%\">Headphones</td>\r\n<td width=\"50%\">3.5mm</td>\r\n</tr>\r\n<tr>\r\n<td width=\"50%\">FM</td>\r\n<td width=\"50%\">No</td>\r\n</tr>\r\n<tr>\r\n<td width=\"50%\">Number of SIMs</td>\r\n<td width=\"50%\">1</td>\r\n</tr>\r\n<tr>\r\n<td width=\"50%\"><strong>SIM 1</strong></td>\r\n<td width=\"50%\">&nbsp;</td>\r\n</tr>\r\n<tr>\r\n<td width=\"50%\">SIM Type</td>\r\n<td width=\"50%\">Nano-SIM</td>\r\n</tr>\r\n<tr>\r\n<td width=\"50%\">GSM/CDMA</td>\r\n<td width=\"50%\">GSM</td>\r\n</tr>\r\n<tr>\r\n<td width=\"50%\">3G</td>\r\n<td width=\"50%\">Yes</td>\r\n</tr>\r\n<tr>\r\n<td width=\"50%\">4G/ LTE</td>\r\n<td width=\"50%\">Yes</td>\r\n</tr>\r\n<tr>\r\n<td width=\"50%\">Supports 4G in India (Band 40)</td>\r\n<td width=\"50%\">Yes</td>\r\n</tr>\r\n</tbody>\r\n</table>\r\n</div>', 63000.00, 'uploads/fdf8bbaa4b.png', 0),
(27, 'Huawei Y6', 3, 5, '<div class=\"pd_heading margin_b30\">Huawei Y6 (2017) detailed specifications</div>\r\n<div class=\"pd_detail_wrp margin_b30\">\r\n<div class=\"pd_detail_head margin_b20\">GENERAL</div>\r\n<table style=\"width: 100%;\" cellspacing=\"0\" cellpadding=\"0\">\r\n<tbody>\r\n<tr class=\"firstrow\">\r\n<td width=\"50%\">Release date</td>\r\n<td width=\"50%\"><span>May 2017</span></td>\r\n</tr>\r\n<tr>\r\n<td width=\"50%\">Form factor</td>\r\n<td width=\"50%\">Touchscreen</td>\r\n</tr>\r\n<tr>\r\n<td width=\"50%\">Dimensions (mm)</td>\r\n<td width=\"50%\"><span>143.80&nbsp;</span>x&nbsp;<span>72.00&nbsp;</span>x&nbsp;<span>8.50</span></td>\r\n</tr>\r\n<tr>\r\n<td width=\"50%\">Weight (g)</td>\r\n<td width=\"50%\">150.00</td>\r\n</tr>\r\n<tr>\r\n<td width=\"50%\">Battery capacity (mAh)</td>\r\n<td width=\"50%\">3000</td>\r\n</tr>\r\n<tr>\r\n<td width=\"50%\">Removable battery</td>\r\n<td width=\"50%\">No</td>\r\n</tr>\r\n<tr>\r\n<td width=\"50%\">Colours</td>\r\n<td width=\"50%\">White, Gold, Grey</td>\r\n</tr>\r\n</tbody>\r\n</table>\r\n</div>\r\n<div class=\"pd_detail_wrp margin_b30\">\r\n<div class=\"pd_detail_head margin_b20\">DISPLAY</div>\r\n<table style=\"width: 100%;\" cellspacing=\"0\" cellpadding=\"0\">\r\n<tbody>\r\n<tr class=\"firstrow\">\r\n<td width=\"50%\">Screen size (inches)</td>\r\n<td width=\"50%\">5.00</td>\r\n</tr>\r\n<tr>\r\n<td width=\"50%\">Touchscreen</td>\r\n<td width=\"50%\">Yes</td>\r\n</tr>\r\n<tr>\r\n<td width=\"50%\">Resolution</td>\r\n<td width=\"50%\">720x1280 pixels</td>\r\n</tr>\r\n</tbody>\r\n</table>\r\n</div>\r\n<div class=\"pd_detail_wrp margin_b30\">\r\n<div class=\"pd_detail_head margin_b20\">HARDWARE</div>\r\n<table style=\"width: 100%;\" cellspacing=\"0\" cellpadding=\"0\">\r\n<tbody>\r\n<tr class=\"firstrow\">\r\n<td width=\"50%\">Processor</td>\r\n<td width=\"50%\">1.4GHz quad-core</td>\r\n</tr>\r\n<tr>\r\n<td width=\"50%\">Processor make</td>\r\n<td width=\"50%\">MediaTek MT6737T</td>\r\n</tr>\r\n<tr>\r\n<td width=\"50%\">RAM</td>\r\n<td width=\"50%\">2GB</td>\r\n</tr>\r\n<tr>\r\n<td width=\"50%\">Internal storage</td>\r\n<td width=\"50%\">16GB</td>\r\n</tr>\r\n<tr>\r\n<td width=\"50%\">Expandable storage</td>\r\n<td width=\"50%\">Yes</td>\r\n</tr>\r\n<tr>\r\n<td width=\"50%\">Expandable storage type</td>\r\n<td width=\"50%\">microSD</td>\r\n</tr>\r\n</tbody>\r\n</table>\r\n</div>\r\n<div class=\"pd_detail_wrp margin_b30\">\r\n<div class=\"pd_detail_head margin_b20\">CAMERA</div>\r\n<table style=\"width: 100%;\" cellspacing=\"0\" cellpadding=\"0\">\r\n<tbody>\r\n<tr class=\"firstrow\">\r\n<td width=\"50%\">Rear camera</td>\r\n<td width=\"50%\">13-megapixel</td>\r\n</tr>\r\n<tr>\r\n<td width=\"50%\">Rear Flash</td>\r\n<td width=\"50%\">Dual LED</td>\r\n</tr>\r\n<tr>\r\n<td width=\"50%\">Front camera</td>\r\n<td width=\"50%\">5-megapixel</td>\r\n</tr>\r\n<tr>\r\n<td width=\"50%\">Front Flash</td>\r\n<td width=\"50%\">Yes</td>\r\n</tr>\r\n</tbody>\r\n</table>\r\n</div>\r\n<div class=\"pd_detail_wrp margin_b30\">\r\n<div class=\"pd_detail_head margin_b20\">SOFTWARE</div>\r\n<table style=\"width: 100%;\" cellspacing=\"0\" cellpadding=\"0\">\r\n<tbody>\r\n<tr class=\"firstrow\">\r\n<td width=\"50%\">Operating System</td>\r\n<td width=\"50%\">Android 6.0</td>\r\n</tr>\r\n<tr>\r\n<td width=\"50%\">Skin</td>\r\n<td width=\"50%\">EMUI 4.1</td>\r\n</tr>\r\n</tbody>\r\n</table>\r\n</div>\r\n<div class=\"pd_detail_wrp margin_b30\">\r\n<div class=\"pd_detail_head margin_b20\">CONNECTIVITY</div>\r\n<table style=\"width: 100%;\" cellspacing=\"0\" cellpadding=\"0\">\r\n<tbody>\r\n<tr class=\"firstrow\">\r\n<td width=\"50%\">Wi-Fi</td>\r\n<td width=\"50%\">Yes</td>\r\n</tr>\r\n<tr>\r\n<td width=\"50%\">Wi-Fi standards supported</td>\r\n<td width=\"50%\">802.11 b/g/n</td>\r\n</tr>\r\n<tr>\r\n<td width=\"50%\">GPS</td>\r\n<td width=\"50%\">Yes</td>\r\n</tr>\r\n<tr>\r\n<td width=\"50%\">Bluetooth</td>\r\n<td width=\"50%\">Yes, v 4.00</td>\r\n</tr>\r\n<tr>\r\n<td width=\"50%\">NFC</td>\r\n<td width=\"50%\">No</td>\r\n</tr>\r\n<tr>\r\n<td width=\"50%\">Infrared</td>\r\n<td width=\"50%\">No</td>\r\n</tr>\r\n<tr>\r\n<td width=\"50%\">USB OTG</td>\r\n<td width=\"50%\">No</td>\r\n</tr>\r\n<tr>\r\n<td width=\"50%\">Headphones</td>\r\n<td width=\"50%\">3.5mm</td>\r\n</tr>\r\n<tr>\r\n<td width=\"50%\">FM</td>\r\n<td width=\"50%\">No</td>\r\n</tr>\r\n<tr>\r\n<td width=\"50%\">Number of SIMs</td>\r\n<td width=\"50%\">2</td>\r\n</tr>\r\n<tr>\r\n<td width=\"50%\"><strong>SIM 1</strong></td>\r\n<td width=\"50%\">&nbsp;</td>\r\n</tr>\r\n<tr>\r\n<td width=\"50%\">GSM/CDMA</td>\r\n<td width=\"50%\">GSM</td>\r\n</tr>\r\n<tr>\r\n<td width=\"50%\">3G</td>\r\n<td width=\"50%\">Yes</td>\r\n</tr>\r\n<tr>\r\n<td width=\"50%\">4G/ LTE</td>\r\n<td width=\"50%\">Yes</td>\r\n</tr>\r\n</tbody>\r\n</table>\r\n</div>', 38000.00, 'uploads/eac54a8510.jpeg', 1),
(28, 'Samsung LCD Monitor', 10, 2, '<p>Aspect ratio</p>\r\n<ul class=\"p-bullets\">\r\n<li>\r\n<div><span>16:9</span></div>\r\n</li>\r\n<li>\r\n<div><span>Widescreen</span></div>\r\n</li>\r\n</ul>\r\n<p>Brightness</p>\r\n<div><span>250 &nbsp;cd/m&sup2;</span></div>\r\n<p>SmartContrast</p>\r\n<div><span>50000:1</span></div>\r\n<p>Contrast ratio (typical)</p>\r\n<div><span>1000:1</span></div>\r\n<p>Response time (typical)</p>\r\n<div><span>5 &nbsp;ms</span></div>\r\n<p>Panel resolution</p>\r\n<div><span>1920 x 1080</span></div>\r\n<p>Viewing angle</p>\r\n<div><span>170&ordm; (H) / 160&ordm; (V)</span></div>\r\n<p>Picture enhancement</p>\r\n<ul class=\"p-bullets\">\r\n<li>\r\n<div><span>Progressive scan</span></div>\r\n</li>\r\n<li>\r\n<div><span>TrueVision</span></div>\r\n</li>\r\n</ul>\r\n<p>Screen enhancement</p>\r\n<div><span>Anti-Reflection coated screen</span></div>\r\n<p>Diagonal screen size (inch)</p>\r\n<div><span>21.5 &nbsp;inch</span></div>\r\n<p>Diagonal screen size (metric)</p>\r\n<div><span>54.61 &nbsp;cm</span></div>', 29000.00, 'uploads/737f18acc7.png', 0),
(31, 'ASUS G701VIK', 9, 7, '<p>Aspect ratio</p>\r\n<ul class=\"p-bullets\">\r\n<li>16:9</li>\r\n<li>Widescreen</li>\r\n</ul>\r\n<p>Brightness</p>\r\n<div>250 &nbsp;cd/m&sup2;</div>', 23000.00, 'uploads/89a2f7f96e.jpg', 0),
(32, 'Acer Aspire E1-571G Core i5', 2, 4, '<h2>&nbsp;Specifications</h2>\r\n<table id=\"laptop_detail\" class=\"table\">\r\n<tbody>\r\n<tr><th class=\"h2\" colspan=\"2\">GENERAL SPECS</th></tr>\r\n<tr>\r\n<td class=\"ha\">&nbsp;Processor Type &nbsp;</td>\r\n<td class=\"val\">Intel&reg; Core? i5</td>\r\n</tr>\r\n<tr>\r\n<td class=\"ha\">&nbsp;Processor Speed &nbsp;</td>\r\n<td class=\"val\">2.53Ghz</td>\r\n</tr>\r\n<tr>\r\n<td class=\"ha\">&nbsp;Hard drive size &nbsp;<a><img src=\"http://www.mega.pk/images/info_1.png\" alt=\"\" /></a></td>\r\n<td class=\"val\">500GB</td>\r\n</tr>\r\n<tr>\r\n<td class=\"ha\">&nbsp;Installed RAM &nbsp;</td>\r\n<td class=\"val\">4GB</td>\r\n</tr>\r\n<tr>\r\n<td class=\"ha\">&nbsp;Screen size &nbsp;</td>\r\n<td class=\"val\">15.6 Inch</td>\r\n</tr>\r\n<tr>\r\n<td class=\"ha\">&nbsp;Operating system (Primary) &nbsp;</td>\r\n<td class=\"val\">Dos</td>\r\n</tr>\r\n<tr><th class=\"h2\" colspan=\"2\">&nbsp;PROCESSOR</th></tr>\r\n<tr>\r\n<td class=\"ha\">&nbsp;Processor Type &nbsp;</td>\r\n<td class=\"val\">Intel&reg; Core? i5</td>\r\n</tr>\r\n<tr>\r\n<td class=\"ha\">&nbsp;Processor Model &nbsp;</td>\r\n<td class=\"val\">460M</td>\r\n</tr>\r\n<tr>\r\n<td class=\"ha\">&nbsp;Processor Speed &nbsp;</td>\r\n<td class=\"val\">2.53Ghz</td>\r\n</tr>\r\n<tr>\r\n<td class=\"ha\">&nbsp;Max Turbo Frequency &nbsp;</td>\r\n<td class=\"val\">2.90Ghz</td>\r\n</tr>\r\n<tr>\r\n<td class=\"ha\">&nbsp;Processor Bits &nbsp;</td>\r\n<td class=\"val\">64-bit</td>\r\n</tr>\r\n<tr>\r\n<td class=\"ha\">&nbsp;Processor Threads &nbsp;</td>\r\n<td class=\"val\">4</td>\r\n</tr>\r\n<tr>\r\n<td class=\"ha\">&nbsp;No of Cores &nbsp;</td>\r\n<td class=\"val\">2</td>\r\n</tr>\r\n<tr>\r\n<td class=\"ha\">&nbsp;L2 cache &nbsp;</td>\r\n<td class=\"val\"><span class=\"null_icon\">&nbsp;</span></td>\r\n</tr>\r\n<tr>\r\n<td class=\"ha\">&nbsp;L3 cache &nbsp;</td>\r\n<td class=\"val\">3MB</td>\r\n</tr>\r\n</tbody>\r\n</table>\r\n<p>SmartContrast</p>\r\n<div>50000:1</div>\r\n<p>Contrast ratio (typical)</p>\r\n<div>1000:1</div>\r\n<p>Response time (typical)</p>\r\n<div>5 &nbsp;ms</div>\r\n<p>Panel resolution</p>\r\n<div>1920 x 1080</div>\r\n<p>Viewing angle</p>\r\n<div>170&ordm; (H) / 160&ordm; (V)</div>\r\n<p>Picture enhancement</p>\r\n<ul class=\"p-bullets\">\r\n<li>Progressive scan</li>\r\n<li>TrueVision</li>\r\n</ul>\r\n<p>Screen enhancement</p>\r\n<div>Anti-Reflection coated screen</div>\r\n<p>Diagonal screen size (inch)</p>\r\n<div>21.5 &nbsp;inch</div>\r\n<p>Diagonal screen size (metric)</p>\r\n<div>54.61 &nbsp;cm</div>', 54000.00, 'uploads/41acabecf0.png', 1),
(38, 'HIKVISION 700TVL ', 9, 7, '<p>HIKVISION 700TVL DIS &amp; EXIR Mini Model: DS-2CE55A2P-IRP<br /> <strong>Dome IR Camera</strong><br /> 40m IR Distance, 700 TVL HR, True Day/Night, 1/3\'\' DIS,<br /> 3.6mm FLens, Smart IR, IP66 rating Price: 13000<br /> Orign: China</p>', 13000.00, 'uploads/32d8a81978.jpg', 1),
(39, ' T-shirt', 8, 11, '<div class=\"osh-tabs -center\">\r\n<div id=\"productDescriptionTab\" class=\"tab-content -active\">\r\n<div class=\"product-description\">\r\n<div class=\"list -features\">\r\n<div class=\"title\">KEY FEATURES</div>\r\n<ul>\r\n<li>Product Type: T-shirt</li>\r\n<li>Color: Black And Ash</li>\r\n<li>Main Material: Cotton</li>\r\n<li>Gender: Men</li>\r\n</ul>\r\n</div>\r\n<div class=\"osh-table -no-border\">\r\n<div class=\"caption\">SPECIFICATIONS OF BLACK AND ASH COTTON T-SHIRT FOR MEN</div>\r\n<div class=\"osh-row \">\r\n<div class=\"osh-col -head\">SKU</div>\r\n<div class=\"osh-col \">BD141FA049QYCNAFAMZ</div>\r\n</div>\r\n<div class=\"osh-row \">\r\n<div class=\"osh-col -head\">Weight (kg)</div>\r\n<div class=\"osh-col \">0.3</div>\r\n</div>\r\n<div class=\"osh-row \">\r\n<div class=\"osh-col -head\">Colour</div>\r\n<div class=\"osh-col \">Black And Ash</div>\r\n</div>\r\n<div class=\"osh-row \">\r\n<div class=\"osh-col -head\">Main material</div>\r\n<div class=\"osh-col \">Cotton</div>\r\n</div>\r\n<div class=\"osh-row \">\r\n<div class=\"osh-col -head\">Type</div>\r\n<div class=\"osh-col \">T-Shirt</div>\r\n</div>\r\n<div class=\"osh-row \">\r\n<div class=\"osh-col -head\">Apparel type</div>\r\n<div class=\"osh-col \">Long Sleeve<br /><br /></div>\r\n</div>\r\n</div>\r\n</div>\r\n</div>\r\n</div>', 400.00, 'uploads/bb819aa354.jpg', 1),
(40, 'Jewellery Set', 7, 12, '<p>FINISH SILVER FIGARO CHAIN NECKLACE<br />ITEM INFORMATION<br />Condition Brand New<br />Estimated Shipping - 2 Days<br />ITEM DESCRIPTION<br />Description<br />BRAND NEW 14K WHITE GOLD FINISH 30\'\' INCH 12MM WIDE SILVER FIGARO LINK CHAIN NECKLACE<br />This full size White Gold plated heavy Figaro Chain is laser coated, with 50 mills of high polished Gold for lasting brilliance.<br />The piece is diamond cut and \"Platinum\" polished for the quality you are looking for. You will be noticed by all who see&nbsp;<br />this quality piece on your person. Makes a great gift item as well!</p>\r\n<p>Shipping charges are 50 Tk inside Dhaka city and 100 Tk outside Dhaka. Prepayment may be required for outside Dhaka city.&nbsp;</p>', 50000.00, 'uploads/7737923611.jpg', 1),
(43, 'Microlab FC362 2.1 Sound System', 4, 9, '<div class=\"pro_desc_box\">\r\n<h2>Description</h2>\r\n<p>Microlab FC362 2.1 speaker has 2 sattelites and 1 subwoofer, total 54 watt RMS output, perfect linear frequency response curve, distortion-free and uncoloured sound, dynamics depth and deep bass.</p>\r\n</div>\r\n<div class=\"wide_sky_box_header\">\r\n<h2>Product Feature</h2>\r\n</div>\r\n<table style=\"width: 607px;\" border=\"0\" cellspacing=\"0\" cellpadding=\"0\">\r\n<tbody>\r\n<tr class=\"featuredRow\" style=\"background-color: #eff0f2; width: 592px;\">\r\n<td class=\"featuredTxtLeft\">Speaker Type</td>\r\n<td class=\"featuredRight_sky\">Multimedia</td>\r\n</tr>\r\n<tr class=\"featuredRow\" style=\"width: 592px;\">\r\n<td class=\"featuredTxtLeft\">Total Speakers</td>\r\n<td class=\"featuredRight_sky\">2 : 1 Speaker</td>\r\n</tr>\r\n<tr class=\"featuredRow\" style=\"background-color: #eff0f2; width: 592px;\">\r\n<td class=\"featuredTxtLeft\">Features</td>\r\n<td class=\"featuredRight_sky\">Standalone Amplifier with Duo Function Volume Knob</td>\r\n</tr>\r\n<tr class=\"featuredRow\" style=\"width: 592px;\">\r\n<td class=\"featuredTxtLeft\">Connectivity</td>\r\n<td class=\"featuredRight_sky\">3.5mm Stereo, RCA Sockets</td>\r\n</tr>\r\n<tr class=\"featuredRow\" style=\"background-color: #eff0f2; width: 592px;\">\r\n<td class=\"featuredTxtLeft\">Satellite Speaker</td>\r\n<td class=\"featuredRight_sky\">2 Sattelite Speakers with Total 30 Watt RMS</td>\r\n</tr>\r\n<tr class=\"featuredRow\" style=\"width: 592px;\">\r\n<td class=\"featuredTxtLeft\">Subwoofer</td>\r\n<td class=\"featuredRight_sky\">6.5\" Subwoofer</td>\r\n</tr>\r\n<tr class=\"featuredRow\" style=\"background-color: #eff0f2; width: 592px;\">\r\n<td class=\"featuredTxtLeft\">Noise Ratio</td>\r\n<td class=\"featuredRight_sky\">75 dB</td>\r\n</tr>\r\n</tbody>\r\n</table>', 2900.00, 'uploads/9d0bba64e4.jpg', 0),
(45, 'Toshiba e-Studio 452', 12, 12, '<div class=\"pro_desc_box\">\r\n<h2>Description</h2>\r\n<p>Toshiba e-Studio 452 business class multi function photocopier has 45 CPM copy speed, 600 x 600 dpi copy resolution, e-bridge architecture, standard Ethernet connectivity and optional network printing, 50 SPM scan speed.</p>\r\n<div class=\"wide_sky_box_header\">\r\n<h2>Product Feature</h2>\r\n</div>\r\n<table style=\"width: 607px;\" border=\"0\" cellspacing=\"0\" cellpadding=\"0\">\r\n<tbody>\r\n<tr class=\"featuredRow\" style=\"background-color: #eff0f2; width: 592px;\">\r\n<td class=\"featuredTxtLeft\">Copier Type</td>\r\n<td class=\"featuredRight_sky\">Monochrome Copier</td>\r\n</tr>\r\n<tr class=\"featuredRow\" style=\"width: 592px;\">\r\n<td class=\"featuredTxtLeft\">Warmup Time</td>\r\n<td class=\"featuredRight_sky\">Approx. 20 Seconds</td>\r\n</tr>\r\n<tr class=\"featuredRow\" style=\"background-color: #eff0f2; width: 592px;\">\r\n<td class=\"featuredTxtLeft\">First Copy Out Time</td>\r\n<td class=\"featuredRight_sky\">Less Than 3.9 Seconds</td>\r\n</tr>\r\n<tr class=\"featuredRow\" style=\"width: 592px;\">\r\n<td class=\"featuredTxtLeft\">Black Copy Speed</td>\r\n<td class=\"featuredRight_sky\">45 CPM / PPM A4</td>\r\n</tr>\r\n<tr class=\"featuredRow\" style=\"background-color: #eff0f2; width: 592px;\">\r\n<td class=\"featuredTxtLeft\">Black Copy Resolution</td>\r\n<td class=\"featuredRight_sky\">600 x 600 dpi, 2400 x 600 dpi with Smoothing</td>\r\n</tr>\r\n<tr class=\"featuredRow\" style=\"width: 592px;\">\r\n<td class=\"featuredTxtLeft\">Cartridge Yield</td>\r\n<td class=\"featuredRight_sky\">Toner &plusmn;15,000 Pages/ Tone</td>\r\n</tr>\r\n<tr class=\"featuredRow\" style=\"background-color: #eff0f2; width: 592px;\">\r\n<td class=\"featuredTxtLeft\">Monthly Duty Cycle</td>\r\n<td class=\"featuredRight_sky\">Up to 100,000 Copies</td>\r\n</tr>\r\n<tr class=\"featuredRow\" style=\"width: 592px;\">\r\n<td class=\"featuredTxtLeft\">Paper Size</td>\r\n<td class=\"featuredRight_sky\">Max. A3</td>\r\n</tr>\r\n<tr class=\"featuredRow\" style=\"background-color: #eff0f2; width: 592px;\">\r\n<td class=\"featuredTxtLeft\">Paper Tray</td>\r\n<td class=\"featuredRight_sky\">1st Drawer 550 Sheets-A5-R to A3, 2nd Drawer 550 Sheets-A5-R to A3, Stack Feed Bypass 100 Sheets-A5-R to A3</td>\r\n</tr>\r\n<tr class=\"featuredRow\" style=\"width: 592px;\">\r\n<td class=\"featuredTxtLeft\">Zoom</td>\r\n<td class=\"featuredRight_sky\">25%-400% Platen, 25%-200% RADF</td>\r\n</tr>\r\n<tr class=\"featuredRow\" style=\"background-color: #eff0f2; width: 592px;\">\r\n<td class=\"featuredTxtLeft\">Duplexing</td>\r\n<td class=\"featuredRight_sky\">RADF &amp; ADU Standard</td>\r\n</tr>\r\n<tr class=\"featuredRow\" style=\"width: 592px;\">\r\n<td class=\"featuredTxtLeft\">Print Features</td>\r\n<td class=\"featuredRight_sky\">Page Description Language PCL6 and PostScript 3 Emulation Network OS Windows 2000, Windows NT4.0, Windows 2003 Server, NetWare, Citrix MetaFrame XP Resolution 2,400 x 600 dpi with Smoothing, Additional Features Private Print, Proof Print, Scheduled Print, Booklet Printing, Print to Box</td>\r\n</tr>\r\n<tr class=\"featuredRow\" style=\"background-color: #eff0f2; width: 592px;\">\r\n<td class=\"featuredTxtLeft\">Scan Features</td>\r\n<td class=\"featuredRight_sky\">Resolution 600, 400, 300, 200, 150 dpi Original Scan Speed Up to 50 SPM, Scan Capacity Maximum 1,000 Pages, File Formats Single and Multi-TIFF, Single and Multi-PDF, Additional Features Pull Scan Retrieve e-Filing Documents with TWAIN, File Downloader or e-BRIDGE Viewer, Scan to File SMB, FTP, to e-mail, to Box</td>\r\n</tr>\r\n<tr class=\"featuredRow\" style=\"width: 592px;\">\r\n<td class=\"featuredTxtLeft\">Fax Features</td>\r\n<td class=\"featuredRight_sky\">Optional</td>\r\n</tr>\r\n<tr class=\"featuredRow\" style=\"background-color: #eff0f2; width: 592px;\">\r\n<td class=\"featuredTxtLeft\">Connectivity</td>\r\n<td class=\"featuredRight_sky\">Standard 10BaseT/100BaseTX, Full-speed USB Optional IEEE802.11b/802.11g</td>\r\n</tr>\r\n<tr class=\"featuredRow\" style=\"width: 592px;\">\r\n<td class=\"featuredTxtLeft\">Dimension</td>\r\n<td class=\"featuredRight_sky\">660 x 742 x 739 mm</td>\r\n</tr>\r\n<tr class=\"featuredRow\" style=\"background-color: #eff0f2; width: 592px;\">\r\n<td class=\"featuredTxtLeft\">Weight</td>\r\n<td class=\"featuredRight_sky\">Approximately 83 Kg</td>\r\n</tr>\r\n<tr class=\"featuredRow\" style=\"width: 592px;\">\r\n<td class=\"featuredTxtLeft\">Other Features</td>\r\n<td class=\"featuredRight_sky\">Copy Modes Text, Text/ Photo, Photo, Custom, Private Print, Proof Print, Scheduled Print, Booklet Printing, Print to Box</td>\r\n</tr>\r\n</tbody>\r\n</table>\r\n</div>', 120000.00, 'uploads/72fab2ee52.jpeg', 1),
(46, 'Portable Bluetooh Wireless ', 13, 2, '<div class=\"pro_desc_box\">\r\n<h2>Description</h2>\r\n<p>Portable bluetooth speaker has RGB lamp light, 10 hours long playing time, speaker output 3W, bluetooth speaker transmission range 10 meter, hands free calling, TF card support, AUX IN audio compatible with 3.5mm aux in cable, lamp function with brightness controlling facility, battery built-in Li-ion 3.7V and 1800mAh.</p>\r\n<div class=\"wide_sky_box_header\">\r\n<h2>Product Feature</h2>\r\n</div>\r\n<table style=\"width: 607px;\" border=\"0\" cellspacing=\"0\" cellpadding=\"0\">\r\n<tbody>\r\n<tr class=\"featuredRow\" style=\"background-color: #eff0f2; width: 592px;\">\r\n<td class=\"featuredTxtLeft\">Speaker Type</td>\r\n<td class=\"featuredRight_sky\">Portable</td>\r\n</tr>\r\n<tr class=\"featuredRow\" style=\"width: 592px;\">\r\n<td class=\"featuredTxtLeft\">Total Speakers</td>\r\n<td class=\"featuredRight_sky\">One Speaker</td>\r\n</tr>\r\n</tbody>\r\n</table>\r\n</div>', 1400.00, 'uploads/c20c01d960.jpg', 0),
(47, 'Samsung GALAXY A5  pro', 3, 2, '<div class=\"pro_desc_box\">\r\n<h2>Description</h2>\r\n<p>Samsung GALAXY A5-2017 smart mobile Phone has octa core processor, Android v6.0 marshmallow mobile phone operating system, 3GB RAM, 32GB internal memory, up to 256GB external memory card support, 16MP front+back camera, fingerprint security, dust/water proof, 3000mAh battery, 157gm weight.</p>\r\n<div class=\"wide_sky_box_header\">\r\n<h2>Product Feature</h2>\r\n</div>\r\n<table style=\"width: 607px;\" border=\"0\" cellspacing=\"0\" cellpadding=\"0\">\r\n<tbody>\r\n<tr class=\"featuredRow\" style=\"background-color: #eff0f2; width: 592px;\">\r\n<td class=\"featuredTxtLeft\">Mobile Type</td>\r\n<td class=\"featuredRight_sky\">Smartphone</td>\r\n</tr>\r\n<tr class=\"featuredRow\" style=\"width: 592px;\">\r\n<td class=\"featuredTxtLeft\">GSM/CDMA</td>\r\n<td class=\"featuredRight_sky\">GSM</td>\r\n</tr>\r\n<tr class=\"featuredRow\" style=\"background-color: #eff0f2; width: 592px;\">\r\n<td class=\"featuredTxtLeft\">Network</td>\r\n<td class=\"featuredRight_sky\">3G/4G LTE</td>\r\n</tr>\r\n<tr class=\"featuredRow\" style=\"width: 592px;\">\r\n<td class=\"featuredTxtLeft\">SIM</td>\r\n<td class=\"featuredRight_sky\">DUAL SIM</td>\r\n</tr>\r\n<tr class=\"featuredRow\" style=\"background-color: #eff0f2; width: 592px;\">\r\n<td class=\"featuredTxtLeft\">Display</td>\r\n<td class=\"featuredRight_sky\">5.2\" Super AMOLED Capacitive Touchscreen, 16M Colors</td>\r\n</tr>\r\n<tr class=\"featuredRow\" style=\"width: 592px;\">\r\n<td class=\"featuredTxtLeft\">Sound</td>\r\n<td class=\"featuredRight_sky\">Vibration, MP3, WAV Ringtones</td>\r\n</tr>\r\n<tr class=\"featuredRow\" style=\"background-color: #eff0f2; width: 592px;\">\r\n<td class=\"featuredTxtLeft\">Built In Memory</td>\r\n<td class=\"featuredRight_sky\">32GB</td>\r\n</tr>\r\n<tr class=\"featuredRow\" style=\"width: 592px;\">\r\n<td class=\"featuredTxtLeft\">External Memory</td>\r\n<td class=\"featuredRight_sky\">256GB</td>\r\n</tr>\r\n<tr class=\"featuredRow\" style=\"background-color: #eff0f2; width: 592px;\">\r\n<td class=\"featuredTxtLeft\">GPRS/EDGE</td>\r\n<td class=\"featuredRight_sky\">Yes</td>\r\n</tr>\r\n<tr class=\"featuredRow\" style=\"width: 592px;\">\r\n<td class=\"featuredTxtLeft\">WLAN</td>\r\n<td class=\"featuredRight_sky\">Wi-Fi 802.11 a/b/g/n/ac, Dual-Band, WiFi Direct, Hotspot</td>\r\n</tr>\r\n<tr class=\"featuredRow\" style=\"background-color: #eff0f2; width: 592px;\">\r\n<td class=\"featuredTxtLeft\">Bluetooth</td>\r\n<td class=\"featuredRight_sky\">v4.2, A2DP, EDR, LE</td>\r\n</tr>\r\n<tr class=\"featuredRow\" style=\"width: 592px;\">\r\n<td class=\"featuredTxtLeft\">USB</td>\r\n<td class=\"featuredRight_sky\">TYPE-C</td>\r\n</tr>\r\n<tr class=\"featuredRow\" style=\"background-color: #eff0f2; width: 592px;\">\r\n<td class=\"featuredTxtLeft\">Camera</td>\r\n<td class=\"featuredRight_sky\">16 MP</td>\r\n</tr>\r\n<tr class=\"featuredRow\" style=\"width: 592px;\">\r\n<td class=\"featuredTxtLeft\">Front Camera</td>\r\n<td class=\"featuredRight_sky\">16MP</td>\r\n</tr>\r\n<tr class=\"featuredRow\" style=\"background-color: #eff0f2; width: 592px;\">\r\n<td class=\"featuredTxtLeft\">Video</td>\r\n<td class=\"featuredRight_sky\">1080p</td>\r\n</tr>\r\n<tr class=\"featuredRow\" style=\"width: 592px;\">\r\n<td class=\"featuredTxtLeft\">OS</td>\r\n<td class=\"featuredRight_sky\">Android OS, v6.0 Marshmallow</td>\r\n</tr>\r\n<tr class=\"featuredRow\" style=\"background-color: #eff0f2; width: 592px;\">\r\n<td class=\"featuredTxtLeft\">CPU</td>\r\n<td class=\"featuredRight_sky\">Exynos 7880 Octa-Core 1.9 GHz Cortex-A53</td>\r\n</tr>\r\n<tr class=\"featuredRow\" style=\"width: 592px;\">\r\n<td class=\"featuredTxtLeft\">GPU</td>\r\n<td class=\"featuredRight_sky\">Mali-T830MP3</td>\r\n</tr>\r\n<tr class=\"featuredRow\" style=\"background-color: #eff0f2; width: 592px;\">\r\n<td class=\"featuredTxtLeft\">RAM</td>\r\n<td class=\"featuredRight_sky\">3GB RAM</td>\r\n</tr>\r\n<tr class=\"featuredRow\" style=\"width: 592px;\">\r\n<td class=\"featuredTxtLeft\">Sensors</td>\r\n<td class=\"featuredRight_sky\">Fingerprint, accelerometer, gyro, proximit</td>\r\n</tr>\r\n</tbody>\r\n</table>\r\n</div>', 26990.00, 'uploads/6afdff3863.jpg', 0),
(48, 'Samsung Galaxy J7 Pro', 3, 2, '<p>Samsung galaxy J7 pro smartphone has octa core processor, 3GB RAM, 32GB internal memory, up to 256GB external memory card support, 13MP primary + secondary camera, 5.5 inch AMOLED touchscreen, Android 7.1.1 nougat mobile phone operating system, FM radio and fingerprint mobile phone security.</p>\r\n<div class=\"wide_sky_box_header\">\r\n<h2>Product Feature</h2>\r\n</div>\r\n<table style=\"width: 607px;\" border=\"0\" cellspacing=\"0\" cellpadding=\"0\">\r\n<tbody>\r\n<tr class=\"featuredRow\" style=\"background-color: #eff0f2; width: 592px;\">\r\n<td class=\"featuredTxtLeft\">Mobile Type</td>\r\n<td class=\"featuredRight_sky\">Smartphone</td>\r\n</tr>\r\n<tr class=\"featuredRow\" style=\"width: 592px;\">\r\n<td class=\"featuredTxtLeft\">GSM/CDMA</td>\r\n<td class=\"featuredRight_sky\">GSM / HSPA / LTE</td>\r\n</tr>\r\n<tr class=\"featuredRow\" style=\"background-color: #eff0f2; width: 592px;\">\r\n<td class=\"featuredTxtLeft\">Network</td>\r\n<td class=\"featuredRight_sky\">3G/4G LTE</td>\r\n</tr>\r\n<tr class=\"featuredRow\" style=\"width: 592px;\">\r\n<td class=\"featuredTxtLeft\">SIM</td>\r\n<td class=\"featuredRight_sky\">Dual SIM</td>\r\n</tr>\r\n<tr class=\"featuredRow\" style=\"background-color: #eff0f2; width: 592px;\">\r\n<td class=\"featuredTxtLeft\">Display</td>\r\n<td class=\"featuredRight_sky\">5.5 Inch Super AMOLED</td>\r\n</tr>\r\n<tr class=\"featuredRow\" style=\"width: 592px;\">\r\n<td class=\"featuredTxtLeft\">Sound</td>\r\n<td class=\"featuredRight_sky\">Vibration, MP3, WAV Ringtones</td>\r\n</tr>\r\n<tr class=\"featuredRow\" style=\"background-color: #eff0f2; width: 592px;\">\r\n<td class=\"featuredTxtLeft\">Built In Memory</td>\r\n<td class=\"featuredRight_sky\">32GB</td>\r\n</tr>\r\n<tr class=\"featuredRow\" style=\"width: 592px;\">\r\n<td class=\"featuredTxtLeft\">External Memory</td>\r\n<td class=\"featuredRight_sky\">256 GB</td>\r\n</tr>\r\n<tr class=\"featuredRow\" style=\"background-color: #eff0f2; width: 592px;\">\r\n<td class=\"featuredTxtLeft\">GPRS/EDGE</td>\r\n<td class=\"featuredRight_sky\">Yes</td>\r\n</tr>\r\n<tr class=\"featuredRow\" style=\"width: 592px;\">\r\n<td class=\"featuredTxtLeft\">WLAN</td>\r\n<td class=\"featuredRight_sky\">Yes</td>\r\n</tr>\r\n<tr class=\"featuredRow\" style=\"background-color: #eff0f2; width: 592px;\">\r\n<td class=\"featuredTxtLeft\">Bluetooth</td>\r\n<td class=\"featuredRight_sky\">Yes</td>\r\n</tr>\r\n<tr class=\"featuredRow\" style=\"width: 592px;\">\r\n<td class=\"featuredTxtLeft\">USB</td>\r\n<td class=\"featuredRight_sky\">Yes</td>\r\n</tr>\r\n<tr class=\"featuredRow\" style=\"background-color: #eff0f2; width: 592px;\">\r\n<td class=\"featuredTxtLeft\">Camera</td>\r\n<td class=\"featuredRight_sky\">13 MP</td>\r\n</tr>\r\n<tr class=\"featuredRow\" style=\"width: 592px;\">\r\n<td class=\"featuredTxtLeft\">Front Camera</td>\r\n<td class=\"featuredRight_sky\">13 MP</td>\r\n</tr>\r\n<tr class=\"featuredRow\" style=\"background-color: #eff0f2; width: 592px;\">\r\n<td class=\"featuredTxtLeft\">Video</td>\r\n<td class=\"featuredRight_sky\">1080p</td>\r\n</tr>\r\n<tr class=\"featuredRow\" style=\"width: 592px;\">\r\n<td class=\"featuredTxtLeft\">OS</td>\r\n<td class=\"featuredRight_sky\">Android 7.1.1 Nougat</td>\r\n</tr>\r\n<tr class=\"featuredRow\" style=\"background-color: #eff0f2; width: 592px;\">\r\n<td class=\"featuredTxtLeft\">CPU</td>\r\n<td class=\"featuredRight_sky\">Exynos 7870 Octa Core</td>\r\n</tr>\r\n<tr class=\"featuredRow\" style=\"width: 592px;\">\r\n<td class=\"featuredTxtLeft\">GPU</td>\r\n<td class=\"featuredRight_sky\">Mali-T830MP2</td>\r\n</tr>\r\n<tr class=\"featuredRow\" style=\"background-color: #eff0f2; width: 592px;\">\r\n<td class=\"featuredTxtLeft\">RAM</td>\r\n<td class=\"featuredRight_sky\">3GB RAM</td>\r\n</tr>\r\n</tbody>\r\n</table>', 43990.00, 'uploads/1e707e42e2.jpeg', 1),
(49, 'Samsung Galaxy J7 Prime ', 3, 2, '<p>Samsung Galaxy J7 Prime cell phone has dual SIM, 5.5 inch gorilla display, 3GB RAM, 32GB internal cell phone memory, 13MP rear and 8MP selfie camera, full HD video recording, octa core processor and android.</p>\r\n<div class=\"wide_sky_box_header\">\r\n<h2>Product Feature</h2>\r\n</div>\r\n<table style=\"width: 607px;\" border=\"0\" cellspacing=\"0\" cellpadding=\"0\">\r\n<tbody>\r\n<tr class=\"featuredRow\" style=\"background-color: #eff0f2; width: 592px;\">\r\n<td class=\"featuredTxtLeft\">Mobile Type</td>\r\n<td class=\"featuredRight_sky\">Smartphone</td>\r\n</tr>\r\n<tr class=\"featuredRow\" style=\"width: 592px;\">\r\n<td class=\"featuredTxtLeft\">GSM/CDMA</td>\r\n<td class=\"featuredRight_sky\">GSM / HSPA / LTE</td>\r\n</tr>\r\n<tr class=\"featuredRow\" style=\"background-color: #eff0f2; width: 592px;\">\r\n<td class=\"featuredTxtLeft\">Network</td>\r\n<td class=\"featuredRight_sky\">3G/4G LTE</td>\r\n</tr>\r\n<tr class=\"featuredRow\" style=\"width: 592px;\">\r\n<td class=\"featuredTxtLeft\">SIM</td>\r\n<td class=\"featuredRight_sky\">Dual SIM</td>\r\n</tr>\r\n<tr class=\"featuredRow\" style=\"background-color: #eff0f2; width: 592px;\">\r\n<td class=\"featuredTxtLeft\">Display</td>\r\n<td class=\"featuredRight_sky\">6.2 Inch Super AMOLED</td>\r\n</tr>\r\n<tr class=\"featuredRow\" style=\"width: 592px;\">\r\n<td class=\"featuredTxtLeft\">Sound</td>\r\n<td class=\"featuredRight_sky\">Vibration, MP3, WAV Ringtones</td>\r\n</tr>\r\n<tr class=\"featuredRow\" style=\"background-color: #eff0f2; width: 592px;\">\r\n<td class=\"featuredTxtLeft\">Built In Memory</td>\r\n<td class=\"featuredRight_sky\">64GB</td>\r\n</tr>\r\n<tr class=\"featuredRow\" style=\"width: 592px;\">\r\n<td class=\"featuredTxtLeft\">External Memory</td>\r\n<td class=\"featuredRight_sky\">256GB</td>\r\n</tr>\r\n<tr class=\"featuredRow\" style=\"background-color: #eff0f2; width: 592px;\">\r\n<td class=\"featuredTxtLeft\">GPRS/EDGE</td>\r\n<td class=\"featuredRight_sky\">Yes</td>\r\n</tr>\r\n<tr class=\"featuredRow\" style=\"width: 592px;\">\r\n<td class=\"featuredTxtLeft\">WLAN</td>\r\n<td class=\"featuredRight_sky\">Yes</td>\r\n</tr>\r\n<tr class=\"featuredRow\" style=\"background-color: #eff0f2; width: 592px;\">\r\n<td class=\"featuredTxtLeft\">Bluetooth</td>\r\n<td class=\"featuredRight_sky\">Yes</td>\r\n</tr>\r\n<tr class=\"featuredRow\" style=\"width: 592px;\">\r\n<td class=\"featuredTxtLeft\">USB</td>\r\n<td class=\"featuredRight_sky\">TYPE-C</td>\r\n</tr>\r\n<tr class=\"featuredRow\" style=\"background-color: #eff0f2; width: 592px;\">\r\n<td class=\"featuredTxtLeft\">Camera</td>\r\n<td class=\"featuredRight_sky\">12MP</td>\r\n</tr>\r\n<tr class=\"featuredRow\" style=\"width: 592px;\">\r\n<td class=\"featuredTxtLeft\">Front Camera</td>\r\n<td class=\"featuredRight_sky\">8MP</td>\r\n</tr>\r\n<tr class=\"featuredRow\" style=\"background-color: #eff0f2; width: 592px;\">\r\n<td class=\"featuredTxtLeft\">Video</td>\r\n<td class=\"featuredRight_sky\">1440 x 2960 pixels</td>\r\n</tr>\r\n<tr class=\"featuredRow\" style=\"width: 592px;\">\r\n<td class=\"featuredTxtLeft\">OS</td>\r\n<td class=\"featuredRight_sky\">Android OSv7.0 Nougat</td>\r\n</tr>\r\n<tr class=\"featuredRow\" style=\"background-color: #eff0f2; width: 592px;\">\r\n<td class=\"featuredTxtLeft\">CPU</td>\r\n<td class=\"featuredRight_sky\">Exynos 8895 Octa - EMEA Qualcomm MSM8998 Snapdragon 835 - US model</td>\r\n</tr>\r\n<tr class=\"featuredRow\" style=\"width: 592px;\">\r\n<td class=\"featuredTxtLeft\">GPU</td>\r\n<td class=\"featuredRight_sky\">Mali-G71 MP20 - EMEA Adreno 540 - US model</td>\r\n</tr>\r\n<tr class=\"featuredRow\" style=\"background-color: #eff0f2; width: 592px;\">\r\n<td class=\"featuredTxtLeft\">RAM</td>\r\n<td class=\"featuredRight_sky\">4GB RAM</td>\r\n</tr>\r\n<tr class=\"featuredRow\" style=\"width: 592px;\">\r\n<td class=\"featuredTxtLeft\">Sensors</td>\r\n<td class=\"featuredRight_sky\">Fingerprint, Accelerometer, Gyro, Proximity, Compass, Barometer</td>\r\n</tr>\r\n<tr class=\"featuredRow\" style=\"background-color: #eff0f2; width: 592px;\">\r\n<td class=\"featuredTxtLeft\">GPS</td>\r\n<td class=\"featuredRight_sky\">Yes</td>\r\n</tr>\r\n<tr class=\"featuredRow\" style=\"width: 592px;\">\r\n<td class=\"featuredTxtLeft\">FM Radio</td>\r\n<td class=\"featuredRight_sky\">No</td>\r\n</tr>\r\n<tr class=\"featuredRow\" style=\"background-color: #eff0f2; width: 592px;\">\r\n<td class=\"featuredTxtLeft\">Battery Capacity</td>\r\n<td class=\"featuredRight_sky\">3500mAh</td>\r\n</tr>\r\n<tr class=\"featuredRow\" style=\"width: 592px;\">\r\n<td class=\"featuredTxtLeft\">Battery Type</td>\r\n<td class=\"featuredRight_sky\">Fixed</td>\r\n</tr>\r\n<tr class=\"featuredRow\" style=\"background-color: #eff0f2; width: 592px;\">\r\n<td class=\"featuredTxtLeft\">Weight</td>\r\n<td class=\"featuredRight_sky\">159.5gm</td>\r\n</tr>\r\n</tbody>\r\n</table>', 39990.00, 'uploads/56b0be150d.jpg', 0),
(50, 'Huawei Y5II ', 3, 5, '<p>Huawei Y5II cell phone has dual SIM, 5 inch IPS HD display, HD cell phone video resolution, 8GB built-in memory, 8MP rear and 2MP front camera, 1GB RAM and bluetooth.</p>\r\n<div class=\"wide_sky_box_header\">\r\n<h2>Product Feature</h2>\r\n</div>\r\n<table style=\"width: 607px;\" border=\"0\" cellspacing=\"0\" cellpadding=\"0\">\r\n<tbody>\r\n<tr class=\"featuredRow\" style=\"background-color: #eff0f2; width: 592px;\">\r\n<td class=\"featuredTxtLeft\">Mobile Type</td>\r\n<td class=\"featuredRight_sky\">Smartphone</td>\r\n</tr>\r\n<tr class=\"featuredRow\" style=\"width: 592px;\">\r\n<td class=\"featuredTxtLeft\">Network</td>\r\n<td class=\"featuredRight_sky\">3G/ 4G</td>\r\n</tr>\r\n<tr class=\"featuredRow\" style=\"background-color: #eff0f2; width: 592px;\">\r\n<td class=\"featuredTxtLeft\">SIM</td>\r\n<td class=\"featuredRight_sky\">Dual SIM</td>\r\n</tr>\r\n<tr class=\"featuredRow\" style=\"width: 592px;\">\r\n<td class=\"featuredTxtLeft\">Display</td>\r\n<td class=\"featuredRight_sky\">5.0 Inch IPS LCD Capacitive Touchscreen</td>\r\n</tr>\r\n<tr class=\"featuredRow\" style=\"background-color: #eff0f2; width: 592px;\">\r\n<td class=\"featuredTxtLeft\">Sound</td>\r\n<td class=\"featuredRight_sky\">Yes</td>\r\n</tr>\r\n<tr class=\"featuredRow\" style=\"width: 592px;\">\r\n<td class=\"featuredTxtLeft\">Built In Memory</td>\r\n<td class=\"featuredRight_sky\">8GB</td>\r\n</tr>\r\n<tr class=\"featuredRow\" style=\"background-color: #eff0f2; width: 592px;\">\r\n<td class=\"featuredTxtLeft\">External Memory</td>\r\n<td class=\"featuredRight_sky\">32GB</td>\r\n</tr>\r\n<tr class=\"featuredRow\" style=\"width: 592px;\">\r\n<td class=\"featuredTxtLeft\">GPRS/EDGE</td>\r\n<td class=\"featuredRight_sky\">Yes</td>\r\n</tr>\r\n<tr class=\"featuredRow\" style=\"background-color: #eff0f2; width: 592px;\">\r\n<td class=\"featuredTxtLeft\">WLAN</td>\r\n<td class=\"featuredRight_sky\">Yes</td>\r\n</tr>\r\n<tr class=\"featuredRow\" style=\"width: 592px;\">\r\n<td class=\"featuredTxtLeft\">Bluetooth</td>\r\n<td class=\"featuredRight_sky\">Yes</td>\r\n</tr>\r\n<tr class=\"featuredRow\" style=\"background-color: #eff0f2; width: 592px;\">\r\n<td class=\"featuredTxtLeft\">USB</td>\r\n<td class=\"featuredRight_sky\">Yes</td>\r\n</tr>\r\n<tr class=\"featuredRow\" style=\"width: 592px;\">\r\n<td class=\"featuredTxtLeft\">Camera</td>\r\n<td class=\"featuredRight_sky\">8MP</td>\r\n</tr>\r\n<tr class=\"featuredRow\" style=\"background-color: #eff0f2; width: 592px;\">\r\n<td class=\"featuredTxtLeft\">Front Camera</td>\r\n<td class=\"featuredRight_sky\">2MP</td>\r\n</tr>\r\n<tr class=\"featuredRow\" style=\"width: 592px;\">\r\n<td class=\"featuredTxtLeft\">Video</td>\r\n<td class=\"featuredRight_sky\">720p</td>\r\n</tr>\r\n<tr class=\"featuredRow\" style=\"background-color: #eff0f2; width: 592px;\">\r\n<td class=\"featuredTxtLeft\">OS</td>\r\n<td class=\"featuredRight_sky\">Android OS, v5.1 Lollipop</td>\r\n</tr>\r\n<tr class=\"featuredRow\" style=\"width: 592px;\">\r\n<td class=\"featuredTxtLeft\">CPU</td>\r\n<td class=\"featuredRight_sky\">Quad-core 1.3 GHz Cortex-A72</td>\r\n</tr>\r\n<tr class=\"featuredRow\" style=\"background-color: #eff0f2; width: 592px;\">\r\n<td class=\"featuredTxtLeft\">GPU</td>\r\n<td class=\"featuredRight_sky\">Mali-T720</td>\r\n</tr>\r\n<tr class=\"featuredRow\" style=\"width: 592px;\">\r\n<td class=\"featuredTxtLeft\">RAM</td>\r\n<td class=\"featuredRight_sky\">1GB</td>\r\n</tr>\r\n</tbody>\r\n</table>', 13990.00, 'uploads/6d8021760e.jpg', 0),
(51, 'Victorian Bed', 15, 12, '<p>Victorian bed for comfort living with strong structured material Chittagong tick wood and best quality artificial leather &amp; foam with one side table</p>\r\n<table style=\"width: 607px;\" border=\"0\" cellspacing=\"0\" cellpadding=\"0\">\r\n<tbody>\r\n<tr class=\"featuredRow\" style=\"background-color: #eff0f2; width: 592px;\">\r\n<td class=\"featuredTxtLeft\">Material</td>\r\n<td class=\"featuredRight_sky\">Chittagong Tick Wood</td>\r\n</tr>\r\n<tr class=\"featuredRow\" style=\"width: 592px;\">\r\n<td class=\"featuredTxtLeft\">Size</td>\r\n<td class=\"featuredRight_sky\">L- 84\" X W - 72\"</td>\r\n</tr>\r\n<tr class=\"featuredRow\" style=\"background-color: #eff0f2; width: 592px;\">\r\n<td class=\"featuredTxtLeft\">Side Table</td>\r\n<td class=\"featuredRight_sky\">1 Pcs</td>\r\n</tr>\r\n</tbody>\r\n</table>', 15950.00, 'uploads/b0378eb246.jpg', 1),
(53, 'Samsung Galaxy J3 Prime', 3, 2, '<p>Samsung galaxy J3 prime cell phone has quad core processor, 5 inch screen, 2GB mobile phone RAM, 16Gb internal mobile memory, up to 256GB external memory card support, 13MP primary camera, 5MP secondary camera, v6.0.1 marshmallow operating system.</p>\r\n<div class=\"wide_sky_box_header\">\r\n<h2>Product Feature</h2>\r\n</div>\r\n<table style=\"width: 607px;\" border=\"0\" cellspacing=\"0\" cellpadding=\"0\">\r\n<tbody>\r\n<tr class=\"featuredRow\" style=\"background-color: #eff0f2; width: 592px;\">\r\n<td class=\"featuredTxtLeft\">Mobile Type</td>\r\n<td class=\"featuredRight_sky\">Smartphone</td>\r\n</tr>\r\n<tr class=\"featuredRow\" style=\"width: 592px;\">\r\n<td class=\"featuredTxtLeft\">GSM/CDMA</td>\r\n<td class=\"featuredRight_sky\">GSM / HSPA / LTE</td>\r\n</tr>\r\n<tr class=\"featuredRow\" style=\"background-color: #eff0f2; width: 592px;\">\r\n<td class=\"featuredTxtLeft\">Network</td>\r\n<td class=\"featuredRight_sky\">3G / 4G LTE</td>\r\n</tr>\r\n<tr class=\"featuredRow\" style=\"width: 592px;\">\r\n<td class=\"featuredTxtLeft\">Display</td>\r\n<td class=\"featuredRight_sky\">5\" Super Amoled Capacitive Touchscreen</td>\r\n</tr>\r\n<tr class=\"featuredRow\" style=\"background-color: #eff0f2; width: 592px;\">\r\n<td class=\"featuredTxtLeft\">Sound</td>\r\n<td class=\"featuredRight_sky\">Vibration, MP3, WAV Ringtones</td>\r\n</tr>\r\n<tr class=\"featuredRow\" style=\"width: 592px;\">\r\n<td class=\"featuredTxtLeft\">Built In Memory</td>\r\n<td class=\"featuredRight_sky\">16GB</td>\r\n</tr>\r\n<tr class=\"featuredRow\" style=\"background-color: #eff0f2; width: 592px;\">\r\n<td class=\"featuredTxtLeft\">External Memory</td>\r\n<td class=\"featuredRight_sky\">16GB</td>\r\n</tr>\r\n<tr class=\"featuredRow\" style=\"width: 592px;\">\r\n<td class=\"featuredTxtLeft\">GPRS/EDGE</td>\r\n<td class=\"featuredRight_sky\">Yes</td>\r\n</tr>\r\n<tr class=\"featuredRow\" style=\"background-color: #eff0f2; width: 592px;\">\r\n<td class=\"featuredTxtLeft\">WLAN</td>\r\n<td class=\"featuredRight_sky\">Wi-Fi 802.11 b/g/n, Wi-Fi Direct, Hotspot</td>\r\n</tr>\r\n<tr class=\"featuredRow\" style=\"width: 592px;\">\r\n<td class=\"featuredTxtLeft\">Bluetooth</td>\r\n<td class=\"featuredRight_sky\">v4.2, A2DP, LE</td>\r\n</tr>\r\n<tr class=\"featuredRow\" style=\"background-color: #eff0f2; width: 592px;\">\r\n<td class=\"featuredTxtLeft\">USB</td>\r\n<td class=\"featuredRight_sky\">microUSB v2.0, USB On The Go</td>\r\n</tr>\r\n<tr class=\"featuredRow\" style=\"width: 592px;\">\r\n<td class=\"featuredTxtLeft\">Camera</td>\r\n<td class=\"featuredRight_sky\">13 MP Primary Camera</td>\r\n</tr>\r\n<tr class=\"featuredRow\" style=\"background-color: #eff0f2; width: 592px;\">\r\n<td class=\"featuredTxtLeft\">Front Camera</td>\r\n<td class=\"featuredRight_sky\">5 MP Front Camera</td>\r\n</tr>\r\n<tr class=\"featuredRow\" style=\"width: 592px;\">\r\n<td class=\"featuredTxtLeft\">Video</td>\r\n<td class=\"featuredRight_sky\">720p</td>\r\n</tr>\r\n<tr class=\"featuredRow\" style=\"background-color: #eff0f2; width: 592px;\">\r\n<td class=\"featuredTxtLeft\">OS</td>\r\n<td class=\"featuredRight_sky\">v6.0 Marshmallow</td>\r\n</tr>\r\n<tr class=\"featuredRow\" style=\"width: 592px;\">\r\n<td class=\"featuredTxtLeft\">CPU</td>\r\n<td class=\"featuredRight_sky\">Quad Core 1.4 GHz</td>\r\n</tr>\r\n<tr class=\"featuredRow\" style=\"background-color: #eff0f2; width: 592px;\">\r\n<td class=\"featuredTxtLeft\">GPU</td>\r\n<td class=\"featuredRight_sky\">Mali-T720</td>\r\n</tr>\r\n<tr class=\"featuredRow\" style=\"width: 592px;\">\r\n<td class=\"featuredTxtLeft\">RAM</td>\r\n<td class=\"featuredRight_sky\">2GB RAM</td>\r\n</tr>\r\n<tr class=\"featuredRow\" style=\"background-color: #eff0f2; width: 592px;\">\r\n<td class=\"featuredTxtLeft\">Sensors</td>\r\n<td class=\"featuredRight_sky\">Fingerprint, Accelerometer, Gyro, Proximity, Compass,</td>\r\n</tr>\r\n</tbody>\r\n</table>', 12990.00, 'uploads/2084bac2cc.jpg', 0),
(54, 'Oppo F5 Octa Core', 3, 13, '<p>Oppo F5 mobile phone has dual SIM, 6 inch touchscreen, android 7.1 nougat operating system, octa-core processor, 32 GB internal memory, 4 GB RAM, 16 MP rear camera, 20 MP secondary camera.</p>\r\n<div class=\"wide_sky_box_header\">\r\n<h2>Product Feature</h2>\r\n</div>\r\n<table style=\"width: 607px;\" border=\"0\" cellspacing=\"0\" cellpadding=\"0\">\r\n<tbody>\r\n<tr class=\"featuredRow\" style=\"background-color: #eff0f2; width: 592px;\">\r\n<td class=\"featuredTxtLeft\">Mobile Type</td>\r\n<td class=\"featuredRight_sky\">Smartphone</td>\r\n</tr>\r\n<tr class=\"featuredRow\" style=\"width: 592px;\">\r\n<td class=\"featuredTxtLeft\">GSM/CDMA</td>\r\n<td class=\"featuredRight_sky\">GSM 850 / 900 / 1800 / 1900</td>\r\n</tr>\r\n<tr class=\"featuredRow\" style=\"background-color: #eff0f2; width: 592px;\">\r\n<td class=\"featuredTxtLeft\">Network</td>\r\n<td class=\"featuredRight_sky\">2G, 3G, 4G</td>\r\n</tr>\r\n<tr class=\"featuredRow\" style=\"width: 592px;\">\r\n<td class=\"featuredTxtLeft\">SIM</td>\r\n<td class=\"featuredRight_sky\">Dual SIM</td>\r\n</tr>\r\n<tr class=\"featuredRow\" style=\"background-color: #eff0f2; width: 592px;\">\r\n<td class=\"featuredTxtLeft\">Display</td>\r\n<td class=\"featuredRight_sky\">6\" LTPS IPS LCD Capacitive Touchscreen, 16M Colors</td>\r\n</tr>\r\n<tr class=\"featuredRow\" style=\"width: 592px;\">\r\n<td class=\"featuredTxtLeft\">Sound</td>\r\n<td class=\"featuredRight_sky\">Vibration, MP3, WAV Ringtones</td>\r\n</tr>\r\n<tr class=\"featuredRow\" style=\"background-color: #eff0f2; width: 592px;\">\r\n<td class=\"featuredTxtLeft\">Built In Memory</td>\r\n<td class=\"featuredRight_sky\">32 GB</td>\r\n</tr>\r\n<tr class=\"featuredRow\" style=\"width: 592px;\">\r\n<td class=\"featuredTxtLeft\">External Memory</td>\r\n<td class=\"featuredRight_sky\">MicroSD Up To 256 GB</td>\r\n</tr>\r\n<tr class=\"featuredRow\" style=\"background-color: #eff0f2; width: 592px;\">\r\n<td class=\"featuredTxtLeft\">GPRS/EDGE</td>\r\n<td class=\"featuredRight_sky\">Yes</td>\r\n</tr>\r\n<tr class=\"featuredRow\" style=\"width: 592px;\">\r\n<td class=\"featuredTxtLeft\">WLAN</td>\r\n<td class=\"featuredRight_sky\">Wi-Fi 802.11 a/b/g/n, WiFi Direct, Hotspot</td>\r\n</tr>\r\n<tr class=\"featuredRow\" style=\"background-color: #eff0f2; width: 592px;\">\r\n<td class=\"featuredTxtLeft\">Bluetooth</td>\r\n<td class=\"featuredRight_sky\">4.2, A2DP, LE</td>\r\n</tr>\r\n<tr class=\"featuredRow\" style=\"width: 592px;\">\r\n<td class=\"featuredTxtLeft\">USB</td>\r\n<td class=\"featuredRight_sky\">MicroUSB 2.0, USB On-The-Go</td>\r\n</tr>\r\n<tr class=\"featuredRow\" style=\"background-color: #eff0f2; width: 592px;\">\r\n<td class=\"featuredTxtLeft\">Camera</td>\r\n<td class=\"featuredRight_sky\">16 MP Camera</td>\r\n</tr>\r\n<tr class=\"featuredRow\" style=\"width: 592px;\">\r\n<td class=\"featuredTxtLeft\">Front Camera</td>\r\n<td class=\"featuredRight_sky\">20 MP Front Camera</td>\r\n</tr>\r\n<tr class=\"featuredRow\" style=\"background-color: #eff0f2; width: 592px;\">\r\n<td class=\"featuredTxtLeft\">Video</td>\r\n<td class=\"featuredRight_sky\">1080p@30fps</td>\r\n</tr>\r\n<tr class=\"featuredRow\" style=\"width: 592px;\">\r\n<td class=\"featuredTxtLeft\">OS</td>\r\n<td class=\"featuredRight_sky\">Android 7.1.1 Nougat</td>\r\n</tr>\r\n<tr class=\"featuredRow\" style=\"background-color: #eff0f2; width: 592px;\">\r\n<td class=\"featuredTxtLeft\">CPU</td>\r\n<td class=\"featuredRight_sky\">Octa-Core 2.5 GHz Cortex-A53</td>\r\n</tr>\r\n<tr class=\"featuredRow\" style=\"width: 592px;\">\r\n<td class=\"featuredTxtLeft\">GPU</td>\r\n<td class=\"featuredRight_sky\">Mali-G71 MP2</td>\r\n</tr>\r\n<tr class=\"featuredRow\" style=\"background-color: #eff0f2; width: 592px;\">\r\n<td class=\"featuredTxtLeft\">RAM</td>\r\n<td class=\"featuredRight_sky\">4 GB RAM</td>\r\n</tr>\r\n<tr class=\"featuredRow\" style=\"width: 592px;\">\r\n<td class=\"featuredTxtLeft\">Sensors</td>\r\n<td class=\"featuredRight_sky\">Fingerprint, Accelerometer, Proximity, Compass</td>\r\n</tr>\r\n</tbody>\r\n</table>', 17990.00, 'uploads/c15319227a.jpeg', 0);
INSERT INTO `tbl_product` (`productId`, `productName`, `catId`, `brandId`, `body`, `price`, `image`, `type`) VALUES
(55, 'Oppo F5 Octa Core 20MP Selfie Camera', 3, 13, '<p>Oppo F5 mobile phone has dual SIM, 6 inch touchscreen, android 7.1 nougat operating system, octa-core processor, 32 GB internal memory, 4 GB RAM, 16 MP rear camera, 20 MP secondary camera.</p>\r\n<div class=\"wide_sky_box_header\">\r\n<h2>Product Feature</h2>\r\n</div>\r\n<table style=\"width: 607px;\" border=\"0\" cellspacing=\"0\" cellpadding=\"0\">\r\n<tbody>\r\n<tr class=\"featuredRow\" style=\"background-color: #eff0f2; width: 592px;\">\r\n<td class=\"featuredTxtLeft\">Mobile Type</td>\r\n<td class=\"featuredRight_sky\">Smartphone</td>\r\n</tr>\r\n<tr class=\"featuredRow\" style=\"width: 592px;\">\r\n<td class=\"featuredTxtLeft\">GSM/CDMA</td>\r\n<td class=\"featuredRight_sky\">GSM 850 / 900 / 1800 / 1900</td>\r\n</tr>\r\n<tr class=\"featuredRow\" style=\"background-color: #eff0f2; width: 592px;\">\r\n<td class=\"featuredTxtLeft\">Network</td>\r\n<td class=\"featuredRight_sky\">2G, 3G, 4G</td>\r\n</tr>\r\n<tr class=\"featuredRow\" style=\"width: 592px;\">\r\n<td class=\"featuredTxtLeft\">SIM</td>\r\n<td class=\"featuredRight_sky\">Dual SIM</td>\r\n</tr>\r\n<tr class=\"featuredRow\" style=\"background-color: #eff0f2; width: 592px;\">\r\n<td class=\"featuredTxtLeft\">Display</td>\r\n<td class=\"featuredRight_sky\">6\" LTPS IPS LCD Capacitive Touchscreen, 16M Colors</td>\r\n</tr>\r\n<tr class=\"featuredRow\" style=\"width: 592px;\">\r\n<td class=\"featuredTxtLeft\">Sound</td>\r\n<td class=\"featuredRight_sky\">Vibration, MP3, WAV Ringtones</td>\r\n</tr>\r\n<tr class=\"featuredRow\" style=\"background-color: #eff0f2; width: 592px;\">\r\n<td class=\"featuredTxtLeft\">Built In Memory</td>\r\n<td class=\"featuredRight_sky\">32 GB</td>\r\n</tr>\r\n<tr class=\"featuredRow\" style=\"width: 592px;\">\r\n<td class=\"featuredTxtLeft\">External Memory</td>\r\n<td class=\"featuredRight_sky\">MicroSD Up To 256 GB</td>\r\n</tr>\r\n<tr class=\"featuredRow\" style=\"background-color: #eff0f2; width: 592px;\">\r\n<td class=\"featuredTxtLeft\">GPRS/EDGE</td>\r\n<td class=\"featuredRight_sky\">Yes</td>\r\n</tr>\r\n<tr class=\"featuredRow\" style=\"width: 592px;\">\r\n<td class=\"featuredTxtLeft\">WLAN</td>\r\n<td class=\"featuredRight_sky\">Wi-Fi 802.11 a/b/g/n, WiFi Direct, Hotspot</td>\r\n</tr>\r\n<tr class=\"featuredRow\" style=\"background-color: #eff0f2; width: 592px;\">\r\n<td class=\"featuredTxtLeft\">Bluetooth</td>\r\n<td class=\"featuredRight_sky\">4.2, A2DP, LE</td>\r\n</tr>\r\n<tr class=\"featuredRow\" style=\"width: 592px;\">\r\n<td class=\"featuredTxtLeft\">USB</td>\r\n<td class=\"featuredRight_sky\">MicroUSB 2.0, USB On-The-Go</td>\r\n</tr>\r\n<tr class=\"featuredRow\" style=\"background-color: #eff0f2; width: 592px;\">\r\n<td class=\"featuredTxtLeft\">Camera</td>\r\n<td class=\"featuredRight_sky\">16 MP Camera</td>\r\n</tr>\r\n<tr class=\"featuredRow\" style=\"width: 592px;\">\r\n<td class=\"featuredTxtLeft\">Front Camera</td>\r\n<td class=\"featuredRight_sky\">20 MP Front Camera</td>\r\n</tr>\r\n<tr class=\"featuredRow\" style=\"background-color: #eff0f2; width: 592px;\">\r\n<td class=\"featuredTxtLeft\">Video</td>\r\n<td class=\"featuredRight_sky\">1080p@30fps</td>\r\n</tr>\r\n<tr class=\"featuredRow\" style=\"width: 592px;\">\r\n<td class=\"featuredTxtLeft\">OS</td>\r\n<td class=\"featuredRight_sky\">Android 7.1.1 Nougat</td>\r\n</tr>\r\n<tr class=\"featuredRow\" style=\"background-color: #eff0f2; width: 592px;\">\r\n<td class=\"featuredTxtLeft\">CPU</td>\r\n<td class=\"featuredRight_sky\">Octa-Core 2.5 GHz Cortex-A53</td>\r\n</tr>\r\n<tr class=\"featuredRow\" style=\"width: 592px;\">\r\n<td class=\"featuredTxtLeft\">GPU</td>\r\n<td class=\"featuredRight_sky\">Mali-G71 MP2</td>\r\n</tr>\r\n<tr class=\"featuredRow\" style=\"background-color: #eff0f2; width: 592px;\">\r\n<td class=\"featuredTxtLeft\">RAM</td>\r\n<td class=\"featuredRight_sky\">4 GB RAM</td>\r\n</tr>\r\n<tr class=\"featuredRow\" style=\"width: 592px;\">\r\n<td class=\"featuredTxtLeft\">Sensors</td>\r\n<td class=\"featuredRight_sky\">Fingerprint, Accelerometer, Proximity, Compass</td>\r\n</tr>\r\n</tbody>\r\n</table>', 17990.00, 'uploads/c3d16a5497.jpeg', 0),
(56, 'Intel 7th Gen Core i3', 1, 14, '<p>Desktop business PC has Intel 7th core i3 generation processor, B250M DDR4 Intel chipset, 4 GB business PC RAM, 1TB HDD, DVD R/W, USB optical mouse, USB standard keyboard, ATX thermal desktop PC casing.</p>\r\n<div class=\"wide_sky_box_header\">\r\n<h2>Product Feature</h2>\r\n</div>\r\n<table style=\"width: 607px;\" border=\"0\" cellspacing=\"0\" cellpadding=\"0\">\r\n<tbody>\r\n<tr class=\"featuredRow\" style=\"background-color: #eff0f2; width: 592px;\">\r\n<td class=\"featuredTxtLeft\">Desktop Type</td>\r\n<td class=\"featuredRight_sky\">Tower PC</td>\r\n</tr>\r\n<tr class=\"featuredRow\" style=\"width: 592px;\">\r\n<td class=\"featuredTxtLeft\">Processor Type</td>\r\n<td class=\"featuredRight_sky\">Intel 7th Generation Core i3-7100</td>\r\n</tr>\r\n<tr class=\"featuredRow\" style=\"background-color: #eff0f2; width: 592px;\">\r\n<td class=\"featuredTxtLeft\">Processor Speed</td>\r\n<td class=\"featuredRight_sky\">3.9 GHz</td>\r\n</tr>\r\n<tr class=\"featuredRow\" style=\"width: 592px;\">\r\n<td class=\"featuredTxtLeft\">Main Board</td>\r\n<td class=\"featuredRight_sky\">Gigabyte/Asus/MSI B250M DDR4 Intel Chipset</td>\r\n</tr>\r\n<tr class=\"featuredRow\" style=\"background-color: #eff0f2; width: 592px;\">\r\n<td class=\"featuredTxtLeft\">RAM</td>\r\n<td class=\"featuredRight_sky\">DDR4-2400 MHz 4GB</td>\r\n</tr>\r\n<tr class=\"featuredRow\" style=\"width: 592px;\">\r\n<td class=\"featuredTxtLeft\">Hard Disk</td>\r\n<td class=\"featuredRight_sky\">1000 GB Hard Disk Drive</td>\r\n</tr>\r\n<tr class=\"featuredRow\" style=\"background-color: #eff0f2; width: 592px;\">\r\n<td class=\"featuredTxtLeft\">Disk Type</td>\r\n<td class=\"featuredRight_sky\">HDD</td>\r\n</tr>\r\n<tr class=\"featuredRow\" style=\"width: 592px;\">\r\n<td class=\"featuredTxtLeft\">Graphics Card</td>\r\n<td class=\"featuredRight_sky\">Built-In</td>\r\n</tr>\r\n<tr class=\"featuredRow\" style=\"background-color: #eff0f2; width: 592px;\">\r\n<td class=\"featuredTxtLeft\">Optical Drive</td>\r\n<td class=\"featuredRight_sky\">DVD R/W</td>\r\n</tr>\r\n<tr class=\"featuredRow\" style=\"width: 592px;\">\r\n<td class=\"featuredTxtLeft\">Keyboard</td>\r\n<td class=\"featuredRight_sky\">USB Standard Keyboard</td>\r\n</tr>\r\n<tr class=\"featuredRow\" style=\"background-color: #eff0f2; width: 592px;\">\r\n<td class=\"featuredTxtLeft\">Mouse</td>\r\n<td class=\"featuredRight_sky\">USB Optical Mouse</td>\r\n</tr>\r\n<tr class=\"featuredRow\" style=\"width: 592px;\">\r\n<td class=\"featuredTxtLeft\">Casing</td>\r\n<td class=\"featuredRight_sky\">ATX Thermal</td>\r\n</tr>\r\n</tbody>\r\n</table>', 29000.00, 'uploads/957c715048.jpg', 0),
(57, 'Dual Core 4th Gen', 1, 14, '<p>Desktop computer has Intel dual core 4th generation processor, Asus 81 desktop mainboard, 4 GB RAM, 500 GB HDD, built-in graphics, keyboard and mouse.</p>\r\n<div class=\"wide_sky_box_header\">\r\n<h2>Product Feature</h2>\r\n</div>\r\n<table style=\"width: 607px;\" border=\"0\" cellspacing=\"0\" cellpadding=\"0\">\r\n<tbody>\r\n<tr class=\"featuredRow\" style=\"background-color: #eff0f2; width: 592px;\">\r\n<td class=\"featuredTxtLeft\">Desktop Type</td>\r\n<td class=\"featuredRight_sky\">Tower PC</td>\r\n</tr>\r\n<tr class=\"featuredRow\" style=\"width: 592px;\">\r\n<td class=\"featuredTxtLeft\">Processor Type</td>\r\n<td class=\"featuredRight_sky\">Intel Dual Core 4th Gen G3320 Processor</td>\r\n</tr>\r\n<tr class=\"featuredRow\" style=\"background-color: #eff0f2; width: 592px;\">\r\n<td class=\"featuredTxtLeft\">Processor Speed</td>\r\n<td class=\"featuredRight_sky\">3.20 GHz</td>\r\n</tr>\r\n<tr class=\"featuredRow\" style=\"width: 592px;\">\r\n<td class=\"featuredTxtLeft\">Main Board</td>\r\n<td class=\"featuredRight_sky\">Intel Chips Set H-81</td>\r\n</tr>\r\n<tr class=\"featuredRow\" style=\"background-color: #eff0f2; width: 592px;\">\r\n<td class=\"featuredTxtLeft\">RAM</td>\r\n<td class=\"featuredRight_sky\">4 GB DDR3 1600 BUS RAM</td>\r\n</tr>\r\n<tr class=\"featuredRow\" style=\"width: 592px;\">\r\n<td class=\"featuredTxtLeft\">Hard Disk</td>\r\n<td class=\"featuredRight_sky\">500 GB 7200RPM SATA HDD</td>\r\n</tr>\r\n<tr class=\"featuredRow\" style=\"background-color: #eff0f2; width: 592px;\">\r\n<td class=\"featuredTxtLeft\">Disk Type</td>\r\n<td class=\"featuredRight_sky\">HDD</td>\r\n</tr>\r\n<tr class=\"featuredRow\" style=\"width: 592px;\">\r\n<td class=\"featuredTxtLeft\">Graphics Card</td>\r\n<td class=\"featuredRight_sky\">Integrated 1GB Graphics Card, Intel HD Graphics Support</td>\r\n</tr>\r\n<tr class=\"featuredRow\" style=\"background-color: #eff0f2; width: 592px;\">\r\n<td class=\"featuredTxtLeft\">Audio/Speaker</td>\r\n<td class=\"featuredRight_sky\">Built-in-Audio</td>\r\n</tr>\r\n<tr class=\"featuredRow\" style=\"width: 592px;\">\r\n<td class=\"featuredTxtLeft\">Networking</td>\r\n<td class=\"featuredRight_sky\">Realtek GbE LAN Chip 10/100/1000 Mbit</td>\r\n</tr>\r\n<tr class=\"featuredRow\" style=\"background-color: #eff0f2; width: 592px;\">\r\n<td class=\"featuredTxtLeft\">Keyboard</td>\r\n<td class=\"featuredRight_sky\">Standard Keyboard USB</td>\r\n</tr>\r\n<tr class=\"featuredRow\" style=\"width: 592px;\">\r\n<td class=\"featuredTxtLeft\">Mouse</td>\r\n<td class=\"featuredRight_sky\">Standard Mouse USB</td>\r\n</tr>\r\n<tr class=\"featuredRow\" style=\"background-color: #eff0f2; width: 592px;\">\r\n<td class=\"featuredTxtLeft\">Modem</td>\r\n<td class=\"featuredRight_sky\">3G/ 4G Support</td>\r\n</tr>\r\n<tr class=\"featuredRow\" style=\"width: 592px;\">\r\n<td class=\"featuredTxtLeft\">Casing</td>\r\n<td class=\"featuredRight_sky\">ATX Thermal With Power Supply</td>\r\n</tr>\r\n<tr class=\"featuredRow\" style=\"background-color: #eff0f2; width: 592px;\">\r\n<td class=\"featuredTxtLeft\">Software</td>\r\n<td class=\"featuredRight_sky\">Free DOS</td>\r\n</tr>\r\n</tbody>\r\n</table>', 27000.00, 'uploads/6722b56954.jpg', 1),
(58, 'Gaming PC Core i5', 1, 14, '<p>Desktop gaming PC has Intel core i5 3rd generation processor, gigabyte motherboard, 4 GB dedicated graphics card, 16 GB desktop PC RAM, 2 TB hard disk drive, gaming looking casing.</p>\r\n<table style=\"width: 607px;\" border=\"0\" cellspacing=\"0\" cellpadding=\"0\">\r\n<tbody>\r\n<tr class=\"featuredRow\" style=\"background-color: #eff0f2; width: 592px;\">\r\n<td class=\"featuredTxtLeft\">Desktop Type</td>\r\n<td class=\"featuredRight_sky\">Tower PC</td>\r\n</tr>\r\n<tr class=\"featuredRow\" style=\"width: 592px;\">\r\n<td class=\"featuredTxtLeft\">Processor Type</td>\r\n<td class=\"featuredRight_sky\">Intel Core i5-3550</td>\r\n</tr>\r\n<tr class=\"featuredRow\" style=\"background-color: #eff0f2; width: 592px;\">\r\n<td class=\"featuredTxtLeft\">Processor Speed</td>\r\n<td class=\"featuredRight_sky\">3.30 GHz</td>\r\n</tr>\r\n<tr class=\"featuredRow\" style=\"width: 592px;\">\r\n<td class=\"featuredTxtLeft\">Main Board</td>\r\n<td class=\"featuredRight_sky\">Gigabyte H-61DS2PV</td>\r\n</tr>\r\n<tr class=\"featuredRow\" style=\"background-color: #eff0f2; width: 592px;\">\r\n<td class=\"featuredTxtLeft\">Monitor</td>\r\n<td class=\"featuredRight_sky\">No</td>\r\n</tr>\r\n<tr class=\"featuredRow\" style=\"width: 592px;\">\r\n<td class=\"featuredTxtLeft\">RAM</td>\r\n<td class=\"featuredRight_sky\">16GB Hitshing 1600 BUS</td>\r\n</tr>\r\n<tr class=\"featuredRow\" style=\"background-color: #eff0f2; width: 592px;\">\r\n<td class=\"featuredTxtLeft\">Hard Disk</td>\r\n<td class=\"featuredRight_sky\">HDD 2TB WD 7200RPM</td>\r\n</tr>\r\n<tr class=\"featuredRow\" style=\"width: 592px;\">\r\n<td class=\"featuredTxtLeft\">Disk Type</td>\r\n<td class=\"featuredRight_sky\">HDD</td>\r\n</tr>\r\n<tr class=\"featuredRow\" style=\"background-color: #eff0f2; width: 592px;\">\r\n<td class=\"featuredTxtLeft\">Graphics Card</td>\r\n<td class=\"featuredRight_sky\">Gigabyte GeForce GTX 1050 Ti OC 4G GV-N105TOC-4GD 4GB GDDR5 Graphics Card</td>\r\n</tr>\r\n<tr class=\"featuredRow\" style=\"width: 592px;\">\r\n<td class=\"featuredTxtLeft\">Optical Drive</td>\r\n<td class=\"featuredRight_sky\">Samsung Sata DVD R-W 22X</td>\r\n</tr>\r\n<tr class=\"featuredRow\" style=\"background-color: #eff0f2; width: 592px;\">\r\n<td class=\"featuredTxtLeft\">Audio/Speaker</td>\r\n<td class=\"featuredRight_sky\">HD RealTech</td>\r\n</tr>\r\n<tr class=\"featuredRow\" style=\"width: 592px;\">\r\n<td class=\"featuredTxtLeft\">Networking</td>\r\n<td class=\"featuredRight_sky\">10 / 100 / Integrated</td>\r\n</tr>\r\n<tr class=\"featuredRow\" style=\"background-color: #eff0f2; width: 592px;\">\r\n<td class=\"featuredTxtLeft\">Keyboard</td>\r\n<td class=\"featuredRight_sky\">USB Gaming Keyboard</td>\r\n</tr>\r\n<tr class=\"featuredRow\" style=\"width: 592px;\">\r\n<td class=\"featuredTxtLeft\">Mouse</td>\r\n<td class=\"featuredRight_sky\">Optical USB Wireless</td>\r\n</tr>\r\n<tr class=\"featuredRow\" style=\"background-color: #eff0f2; width: 592px;\">\r\n<td class=\"featuredTxtLeft\">Modem</td>\r\n<td class=\"featuredRight_sky\">3G/4G</td>\r\n</tr>\r\n<tr class=\"featuredRow\" style=\"width: 592px;\">\r\n<td class=\"featuredTxtLeft\">Casing</td>\r\n<td class=\"featuredRight_sky\">Gaming Looking</td>\r\n</tr>\r\n<tr class=\"featuredRow\" style=\"background-color: #eff0f2; width: 592px;\">\r\n<td class=\"featuredTxtLeft\">Software</td>\r\n<td class=\"featuredRight_sky\">Windows 10</td>\r\n</tr>\r\n</tbody>\r\n</table>', 3550.00, 'uploads/d223bf1d66.jpg', 0),
(59, 'PC Intel Core i7', 1, 14, '<p>Desktop PC has Intel core i7 4th generation processor, 4 GB desktop PC RAM, 320 GB hard disk drive, 17 inch LED monitor, gigabyte ultra durable 4 plus technology, gigabyte UEFI dual BIOS, USB standard keyboard and mouse, ATX thermal gaming looking casing.</p>\r\n<div class=\"wide_sky_box_header\">\r\n<h2>Product Feature</h2>\r\n</div>\r\n<table style=\"width: 607px;\" border=\"0\" cellspacing=\"0\" cellpadding=\"0\">\r\n<tbody>\r\n<tr class=\"featuredRow\" style=\"background-color: #eff0f2; width: 592px;\">\r\n<td class=\"featuredTxtLeft\">Desktop Type</td>\r\n<td class=\"featuredRight_sky\">Tower PC</td>\r\n</tr>\r\n<tr class=\"featuredRow\" style=\"width: 592px;\">\r\n<td class=\"featuredTxtLeft\">Processor Type</td>\r\n<td class=\"featuredRight_sky\">Intel Core i3-4130</td>\r\n</tr>\r\n<tr class=\"featuredRow\" style=\"background-color: #eff0f2; width: 592px;\">\r\n<td class=\"featuredTxtLeft\">Processor Speed</td>\r\n<td class=\"featuredRight_sky\">3M Cache, 3.40 GHz</td>\r\n</tr>\r\n<tr class=\"featuredRow\" style=\"width: 592px;\">\r\n<td class=\"featuredTxtLeft\">Main Board</td>\r\n<td class=\"featuredRight_sky\">Motherboard Gigabyte/MSI GA-H81M</td>\r\n</tr>\r\n<tr class=\"featuredRow\" style=\"background-color: #eff0f2; width: 592px;\">\r\n<td class=\"featuredTxtLeft\">Monitor</td>\r\n<td class=\"featuredRight_sky\">17 Inch LED</td>\r\n</tr>\r\n<tr class=\"featuredRow\" style=\"width: 592px;\">\r\n<td class=\"featuredTxtLeft\">RAM</td>\r\n<td class=\"featuredRight_sky\">4 GB DDR-3 1600BUS</td>\r\n</tr>\r\n<tr class=\"featuredRow\" style=\"background-color: #eff0f2; width: 592px;\">\r\n<td class=\"featuredTxtLeft\">Hard Disk</td>\r\n<td class=\"featuredRight_sky\">320 GB Sata Samasung / WD</td>\r\n</tr>\r\n<tr class=\"featuredRow\" style=\"width: 592px;\">\r\n<td class=\"featuredTxtLeft\">Disk Type</td>\r\n<td class=\"featuredRight_sky\">HDD</td>\r\n</tr>\r\n<tr class=\"featuredRow\" style=\"background-color: #eff0f2; width: 592px;\">\r\n<td class=\"featuredTxtLeft\">Graphics Card</td>\r\n<td class=\"featuredRight_sky\">Built-In 1GB</td>\r\n</tr>\r\n<tr class=\"featuredRow\" style=\"width: 592px;\">\r\n<td class=\"featuredTxtLeft\">Audio/Speaker</td>\r\n<td class=\"featuredRight_sky\">HD Audio Built-In</td>\r\n</tr>\r\n<tr class=\"featuredRow\" style=\"background-color: #eff0f2; width: 592px;\">\r\n<td class=\"featuredTxtLeft\">Networking</td>\r\n<td class=\"featuredRight_sky\">10/100 Mbps</td>\r\n</tr>\r\n<tr class=\"featuredRow\" style=\"width: 592px;\">\r\n<td class=\"featuredTxtLeft\">Keyboard</td>\r\n<td class=\"featuredRight_sky\">R-one Tech USB</td>\r\n</tr>\r\n<tr class=\"featuredRow\" style=\"background-color: #eff0f2; width: 592px;\">\r\n<td class=\"featuredTxtLeft\">Mouse</td>\r\n<td class=\"featuredRight_sky\">R-one Tech USB</td>\r\n</tr>\r\n<tr class=\"featuredRow\" style=\"width: 592px;\">\r\n<td class=\"featuredTxtLeft\">Casing</td>\r\n<td class=\"featuredRight_sky\">ATX Thermal</td>\r\n</tr>\r\n</tbody>\r\n</table>', 45000.00, 'uploads/d2a679d27f.jpg', 0),
(61, 'Apple iMAC MNDY2ZP/A', 1, 1, '<p>Apple iMAC MNDY2ZP/A gaming brand PC has Intel 7th generation processor, 2GB dedicated graphics card, 8GB RAM, 1TB hard disk drive, 21.5 inch display, wifi, bluetooth, card reader, macOS Sierra operating system.</p>\r\n<p>&nbsp;</p>\r\n<div class=\"wide_sky_box_header\">\r\n<h2>Product Feature</h2>\r\n</div>\r\n<table style=\"width: 607px;\" border=\"0\" cellspacing=\"0\" cellpadding=\"0\">\r\n<tbody>\r\n<tr class=\"featuredRow\" style=\"background-color: #eff0f2; width: 592px;\">\r\n<td class=\"featuredTxtLeft\">Desktop Type</td>\r\n<td class=\"featuredRight_sky\">All In One</td>\r\n</tr>\r\n<tr class=\"featuredRow\" style=\"width: 592px;\">\r\n<td class=\"featuredTxtLeft\">Processor Type</td>\r\n<td class=\"featuredRight_sky\">Intel 7th Gen Core i5</td>\r\n</tr>\r\n<tr class=\"featuredRow\" style=\"background-color: #eff0f2; width: 592px;\">\r\n<td class=\"featuredTxtLeft\">Processor Speed</td>\r\n<td class=\"featuredRight_sky\">3.0 GHz up to 3.5 GHz</td>\r\n</tr>\r\n<tr class=\"featuredRow\" style=\"width: 592px;\">\r\n<td class=\"featuredTxtLeft\">Monitor</td>\r\n<td class=\"featuredRight_sky\">21.5 Inch Ddiagonal 4096 x 2304 Resolution With Support For One Billion Colors Retina 4K Display</td>\r\n</tr>\r\n<tr class=\"featuredRow\" style=\"background-color: #eff0f2; width: 592px;\">\r\n<td class=\"featuredTxtLeft\">RAM</td>\r\n<td class=\"featuredRight_sky\">8GB of 2400MHz DDR4 Onboard Memory</td>\r\n</tr>\r\n<tr class=\"featuredRow\" style=\"width: 592px;\">\r\n<td class=\"featuredTxtLeft\">Hard Disk</td>\r\n<td class=\"featuredRight_sky\">1TB 5400 rpm</td>\r\n</tr>\r\n<tr class=\"featuredRow\" style=\"background-color: #eff0f2; width: 592px;\">\r\n<td class=\"featuredTxtLeft\">Disk Type</td>\r\n<td class=\"featuredRight_sky\">HDD</td>\r\n</tr>\r\n<tr class=\"featuredRow\" style=\"width: 592px;\">\r\n<td class=\"featuredTxtLeft\">Graphics Card</td>\r\n<td class=\"featuredRight_sky\">Radeon Pro 555 With 2GB Of VRAM</td>\r\n</tr>\r\n<tr class=\"featuredRow\" style=\"background-color: #eff0f2; width: 592px;\">\r\n<td class=\"featuredTxtLeft\">Audio/Speaker</td>\r\n<td class=\"featuredRight_sky\">Stereo Speakers, Microphone, 3.5 mm Headphone Jack</td>\r\n</tr>\r\n<tr class=\"featuredRow\" style=\"width: 592px;\">\r\n<td class=\"featuredTxtLeft\">Networking</td>\r\n<td class=\"featuredRight_sky\">Wi-Fi-802.11ac Wi-Fi Wireless Networking, IEEE 802.11a/b/g/n Compatible, Bluetooth- 4.2</td>\r\n</tr>\r\n<tr class=\"featuredRow\" style=\"background-color: #eff0f2; width: 592px;\">\r\n<td class=\"featuredTxtLeft\">Keyboard</td>\r\n<td class=\"featuredRight_sky\">Apple Magic Keyboard</td>\r\n</tr>\r\n<tr class=\"featuredRow\" style=\"width: 592px;\">\r\n<td class=\"featuredTxtLeft\">Mouse</td>\r\n<td class=\"featuredRight_sky\">Apple Magic Mouse 2</td>\r\n</tr>\r\n<tr class=\"featuredRow\" style=\"background-color: #eff0f2; width: 592px;\">\r\n<td class=\"featuredTxtLeft\">Software</td>\r\n<td class=\"featuredRight_sky\">macOS Sierra</td>\r\n</tr>\r\n</tbody>\r\n</table>', 133000.00, 'uploads/29862eefc3.jpg', 0),
(62, 'AcerOptiPlex 7040MT i7', 1, 15, '<p>Dell optiplex 7040MT brand desktop computer has Intel core i7 6th generation processor, 4GB desktop RAM, 1TB hard disk drive, Dell 18.5 inch monitor, super multi DVD burner, SD media card reader, HDMI, Dell wired keyboard and mouse.</p>\r\n<p>&nbsp;</p>\r\n<div class=\"wide_sky_box_header\">\r\n<h2>Product Feature</h2>\r\n</div>\r\n<table style=\"width: 607px;\" border=\"0\" cellspacing=\"0\" cellpadding=\"0\">\r\n<tbody>\r\n<tr class=\"featuredRow\" style=\"background-color: #eff0f2; width: 592px;\">\r\n<td class=\"featuredTxtLeft\">Desktop Type</td>\r\n<td class=\"featuredRight_sky\">Tower PC</td>\r\n</tr>\r\n<tr class=\"featuredRow\" style=\"width: 592px;\">\r\n<td class=\"featuredTxtLeft\">Processor Type</td>\r\n<td class=\"featuredRight_sky\">Intel Core i7-6700</td>\r\n</tr>\r\n<tr class=\"featuredRow\" style=\"background-color: #eff0f2; width: 592px;\">\r\n<td class=\"featuredTxtLeft\">Processor Speed</td>\r\n<td class=\"featuredRight_sky\">3.4GHz, 8MB, 4, 65W</td>\r\n</tr>\r\n<tr class=\"featuredRow\" style=\"width: 592px;\">\r\n<td class=\"featuredTxtLeft\">Main Board</td>\r\n<td class=\"featuredRight_sky\">Intel Q170 Chipset</td>\r\n</tr>\r\n<tr class=\"featuredRow\" style=\"background-color: #eff0f2; width: 592px;\">\r\n<td class=\"featuredTxtLeft\">Monitor</td>\r\n<td class=\"featuredRight_sky\">Dell 18.5\" Wide Screen Monitor with LED Backlight</td>\r\n</tr>\r\n<tr class=\"featuredRow\" style=\"width: 592px;\">\r\n<td class=\"featuredTxtLeft\">RAM</td>\r\n<td class=\"featuredRight_sky\">4GB 2133MHz DDR4 Memory, 4 DIMM Slots Up To 32GB</td>\r\n</tr>\r\n<tr class=\"featuredRow\" style=\"background-color: #eff0f2; width: 592px;\">\r\n<td class=\"featuredTxtLeft\">Hard Disk</td>\r\n<td class=\"featuredRight_sky\">1TB 7200 RPM 3.5\" SATA Hard Drive</td>\r\n</tr>\r\n<tr class=\"featuredRow\" style=\"width: 592px;\">\r\n<td class=\"featuredTxtLeft\">Disk Type</td>\r\n<td class=\"featuredRight_sky\">HDD</td>\r\n</tr>\r\n<tr class=\"featuredRow\" style=\"background-color: #eff0f2; width: 592px;\">\r\n<td class=\"featuredTxtLeft\">Graphics Card</td>\r\n<td class=\"featuredRight_sky\">Integrated Intel HD Graphics 530</td>\r\n</tr>\r\n<tr class=\"featuredRow\" style=\"width: 592px;\">\r\n<td class=\"featuredTxtLeft\">Optical Drive</td>\r\n<td class=\"featuredRight_sky\">Super Multi DVD Burner</td>\r\n</tr>\r\n<tr class=\"featuredRow\" style=\"background-color: #eff0f2; width: 592px;\">\r\n<td class=\"featuredTxtLeft\">Keyboard</td>\r\n<td class=\"featuredRight_sky\">Dell Wired Keyboard</td>\r\n</tr>\r\n<tr class=\"featuredRow\" style=\"width: 592px;\">\r\n<td class=\"featuredTxtLeft\">Mouse</td>\r\n<td class=\"featuredRight_sky\">Dell Optical Mouse</td>\r\n</tr>\r\n<tr class=\"featuredRow\" style=\"background-color: #eff0f2; width: 592px;\">\r\n<td class=\"featuredTxtLeft\">Casing</td>\r\n<td class=\"featuredRight_sky\">Mini Tower Desktop</td>\r\n</tr>\r\n</tbody>\r\n</table>', 58700.00, 'uploads/f1aad0d087.jpg', 0),
(63, 'Desktop 7th Gen Core i7', 1, 2, '<p>Desktop student PC has Intel core 2 duo E4600 processor, Intel chipset G-31 desktop motherboard, 250 GB HDD, 2 GB RAM, Intel HD graphics, 17 inch monitor, built-in audio, gigabit LAN, keyboard and mouse.</p>\r\n<div class=\"wide_sky_box_header\">\r\n<h2>Product Feature</h2>\r\n</div>\r\n<table style=\"width: 607px;\" border=\"0\" cellspacing=\"0\" cellpadding=\"0\">\r\n<tbody>\r\n<tr class=\"featuredRow\" style=\"background-color: #eff0f2; width: 592px;\">\r\n<td class=\"featuredTxtLeft\">Desktop Type</td>\r\n<td class=\"featuredRight_sky\">Tower PC</td>\r\n</tr>\r\n<tr class=\"featuredRow\" style=\"width: 592px;\">\r\n<td class=\"featuredTxtLeft\">Processor Type</td>\r\n<td class=\"featuredRight_sky\">Intel Core 2 Duo E4600 Processor</td>\r\n</tr>\r\n<tr class=\"featuredRow\" style=\"background-color: #eff0f2; width: 592px;\">\r\n<td class=\"featuredTxtLeft\">Processor Speed</td>\r\n<td class=\"featuredRight_sky\">2.40 GHz</td>\r\n</tr>\r\n<tr class=\"featuredRow\" style=\"width: 592px;\">\r\n<td class=\"featuredTxtLeft\">Main Board</td>\r\n<td class=\"featuredRight_sky\">Intel Chipset G-31</td>\r\n</tr>\r\n<tr class=\"featuredRow\" style=\"background-color: #eff0f2; width: 592px;\">\r\n<td class=\"featuredTxtLeft\">Monitor</td>\r\n<td class=\"featuredRight_sky\">17\" LED Hispeed Monitor</td>\r\n</tr>\r\n<tr class=\"featuredRow\" style=\"width: 592px;\">\r\n<td class=\"featuredTxtLeft\">RAM</td>\r\n<td class=\"featuredRight_sky\">2 GB RAM</td>\r\n</tr>\r\n<tr class=\"featuredRow\" style=\"background-color: #eff0f2; width: 592px;\">\r\n<td class=\"featuredTxtLeft\">Hard Disk</td>\r\n<td class=\"featuredRight_sky\">250 GB HDD</td>\r\n</tr>\r\n<tr class=\"featuredRow\" style=\"width: 592px;\">\r\n<td class=\"featuredTxtLeft\">Disk Type</td>\r\n<td class=\"featuredRight_sky\">HDD</td>\r\n</tr>\r\n<tr class=\"featuredRow\" style=\"background-color: #eff0f2; width: 592px;\">\r\n<td class=\"featuredTxtLeft\">Graphics Card</td>\r\n<td class=\"featuredRight_sky\">256 MB Built-in Graphics</td>\r\n</tr>\r\n<tr class=\"featuredRow\" style=\"width: 592px;\">\r\n<td class=\"featuredTxtLeft\">Audio/Speaker</td>\r\n<td class=\"featuredRight_sky\">HD Audio</td>\r\n</tr>\r\n<tr class=\"featuredRow\" style=\"background-color: #eff0f2; width: 592px;\">\r\n<td class=\"featuredTxtLeft\">Networking</td>\r\n<td class=\"featuredRight_sky\">10/100 Mbps</td>\r\n</tr>\r\n<tr class=\"featuredRow\" style=\"width: 592px;\">\r\n<td class=\"featuredTxtLeft\">Keyboard</td>\r\n<td class=\"featuredRight_sky\">HI Speed USB Keyboard</td>\r\n</tr>\r\n<tr class=\"featuredRow\" style=\"background-color: #eff0f2; width: 592px;\">\r\n<td class=\"featuredTxtLeft\">Mouse</td>\r\n<td class=\"featuredRight_sky\">Jeway USB Mouse</td>\r\n</tr>\r\n<tr class=\"featuredRow\" style=\"width: 592px;\">\r\n<td class=\"featuredTxtLeft\">Modem</td>\r\n<td class=\"featuredRight_sky\">3G/4G Supported</td>\r\n</tr>\r\n<tr class=\"featuredRow\" style=\"background-color: #eff0f2; width: 592px;\">\r\n<td class=\"featuredTxtLeft\">Casing</td>\r\n<td class=\"featuredRight_sky\">ATX Thermal Gaming Looking Case</td>\r\n</tr>\r\n<tr class=\"featuredRow\" style=\"width: 592px;\">\r\n<td class=\"featuredTxtLeft\">Software</td>\r\n<td class=\"featuredRight_sky\">Free Dos</td>\r\n</tr>\r\n</tbody>\r\n</table>', 42000.00, 'uploads/ac1b28b95c.jpg', 0),
(64, 'Desktop Intel Core i5 ', 1, 15, '<p>Desktop gaming PC Intel core i7 7th generation processor, 4GB dedicated graphics card, MSI Z270 tomahawk motherboard, 16GB desktop RAM, 2TB hard disk drive, 21.5 inch desktop PC monitor, DVD R/W, USB keyboard and mouse.</p>\r\n<div class=\"wide_sky_box_header\">\r\n<h2>Product Feature</h2>\r\n</div>\r\n<table style=\"width: 607px;\" border=\"0\" cellspacing=\"0\" cellpadding=\"0\">\r\n<tbody>\r\n<tr class=\"featuredRow\" style=\"background-color: #eff0f2; width: 592px;\">\r\n<td class=\"featuredTxtLeft\">Desktop Type</td>\r\n<td class=\"featuredRight_sky\">Tower PC</td>\r\n</tr>\r\n<tr class=\"featuredRow\" style=\"width: 592px;\">\r\n<td class=\"featuredTxtLeft\">Processor Type</td>\r\n<td class=\"featuredRight_sky\">Intel 7th Gen Core i7-7700</td>\r\n</tr>\r\n<tr class=\"featuredRow\" style=\"background-color: #eff0f2; width: 592px;\">\r\n<td class=\"featuredTxtLeft\">Processor Speed</td>\r\n<td class=\"featuredRight_sky\">4.20 GHz, 8M Cache</td>\r\n</tr>\r\n<tr class=\"featuredRow\" style=\"width: 592px;\">\r\n<td class=\"featuredTxtLeft\">Main Board</td>\r\n<td class=\"featuredRight_sky\">MSI Z270 Tomahawk</td>\r\n</tr>\r\n<tr class=\"featuredRow\" style=\"background-color: #eff0f2; width: 592px;\">\r\n<td class=\"featuredTxtLeft\">Monitor</td>\r\n<td class=\"featuredRight_sky\">HP 21.5 Inch LED Monitor</td>\r\n</tr>\r\n<tr class=\"featuredRow\" style=\"width: 592px;\">\r\n<td class=\"featuredTxtLeft\">RAM</td>\r\n<td class=\"featuredRight_sky\">16 GB DDR4</td>\r\n</tr>\r\n<tr class=\"featuredRow\" style=\"background-color: #eff0f2; width: 592px;\">\r\n<td class=\"featuredTxtLeft\">Hard Disk</td>\r\n<td class=\"featuredRight_sky\">Seagate Barracuda 2TB SATA 7200rpm</td>\r\n</tr>\r\n<tr class=\"featuredRow\" style=\"width: 592px;\">\r\n<td class=\"featuredTxtLeft\">Disk Type</td>\r\n<td class=\"featuredRight_sky\">HDD</td>\r\n</tr>\r\n<tr class=\"featuredRow\" style=\"background-color: #eff0f2; width: 592px;\">\r\n<td class=\"featuredTxtLeft\">Graphics Card</td>\r\n<td class=\"featuredRight_sky\">MSI GTX 1050 Ti 4GT OC 4GB GDDR5</td>\r\n</tr>\r\n<tr class=\"featuredRow\" style=\"width: 592px;\">\r\n<td class=\"featuredTxtLeft\">Optical Drive</td>\r\n<td class=\"featuredRight_sky\">Liteon DVD-R/W</td>\r\n</tr>\r\n<tr class=\"featuredRow\" style=\"background-color: #eff0f2; width: 592px;\">\r\n<td class=\"featuredTxtLeft\">Audio/Speaker</td>\r\n<td class=\"featuredRight_sky\">Realtek ALC892 HD Audio</td>\r\n</tr>\r\n<tr class=\"featuredRow\" style=\"width: 592px;\">\r\n<td class=\"featuredTxtLeft\">Networking</td>\r\n<td class=\"featuredRight_sky\">Intel I219-V Gigabit LAN controller</td>\r\n</tr>\r\n<tr class=\"featuredRow\" style=\"background-color: #eff0f2; width: 592px;\">\r\n<td class=\"featuredTxtLeft\">Keyboard</td>\r\n<td class=\"featuredRight_sky\">A4 Tech USB</td>\r\n</tr>\r\n<tr class=\"featuredRow\" style=\"width: 592px;\">\r\n<td class=\"featuredTxtLeft\">Mouse</td>\r\n<td class=\"featuredRight_sky\">Biostar AM2</td>\r\n</tr>\r\n<tr class=\"featuredRow\" style=\"background-color: #eff0f2; width: 592px;\">\r\n<td class=\"featuredTxtLeft\">Casing</td>\r\n<td class=\"featuredRight_sky\">Gamemax Gaming Thermal</td>\r\n</tr>\r\n<tr class=\"featuredRow\" style=\"width: 592px;\">\r\n<td class=\"featuredTxtLeft\">Other Features</td>\r\n<td class=\"featuredRight_sky\">Thermaltake Smart Power 630 Watt</td>\r\n</tr>\r\n</tbody>\r\n</table>', 37000.00, 'uploads/7c57f48153.jpg', 1),
(65, 'Asus Vivobook X442UA Core i5', 2, 6, '<p>Asus vivoBook X442UA laptop has Intel core i5 7th generation processor, 4 GB laptop RAM support up to 12 GB RAM, 1 TB hard disk drive, Intel HD graphics card, 14 inch laptop display, super multi DVD R/W, chiclet laptop keyboard, card reader, web camera, wifi, bluetootha and Asus sonic master audio technology.</p>\r\n<p><strong>Product Feature</strong></p>\r\n<table style=\"width: 607px;\" border=\"0\" cellspacing=\"0\" cellpadding=\"0\">\r\n<tbody>\r\n<tr>\r\n<td>\r\n<p>Laptop Type</p>\r\n</td>\r\n<td>\r\n<p>Laptop</p>\r\n</td>\r\n</tr>\r\n<tr>\r\n<td>\r\n<p>Processor Type</p>\r\n</td>\r\n<td>\r\n<p>Intel Core i5-7200U Processor</p>\r\n</td>\r\n</tr>\r\n<tr>\r\n<td>\r\n<p>Processor Speed</p>\r\n</td>\r\n<td>\r\n<p>3M Cache, 2.50 GHz Up To 3.10 GHz</p>\r\n</td>\r\n</tr>\r\n<tr>\r\n<td>\r\n<p>Chipset</p>\r\n</td>\r\n<td>\r\n<p>Intel Chipset</p>\r\n</td>\r\n</tr>\r\n<tr>\r\n<td>\r\n<p>Screen Size</p>\r\n</td>\r\n<td>\r\n<p>14 Inch Diagonal HD Bright View WLED-Backlit 1366 x 768</p>\r\n</td>\r\n</tr>\r\n<tr>\r\n<td>\r\n<p>RAM</p>\r\n</td>\r\n<td>\r\n<p>4 GB DDR4 2133MHz SDRAM</p>\r\n</td>\r\n</tr>\r\n<tr>\r\n<td>\r\n<p>Hard Disk</p>\r\n</td>\r\n<td>\r\n<p>1 TB 5400RPM SATA HDD</p>\r\n</td>\r\n</tr>\r\n<tr>\r\n<td>\r\n<p>Disk Type</p>\r\n</td>\r\n<td>\r\n<p>HDD</p>\r\n</td>\r\n</tr>\r\n<tr>\r\n<td>\r\n<p>Optical Drive</p>\r\n</td>\r\n<td>\r\n<p>Super Multi DVD R/W</p>\r\n</td>\r\n</tr>\r\n<tr>\r\n<td>\r\n<p>Graphics Card</p>\r\n</td>\r\n<td>\r\n<p>Intel HD Graphics 620</p>\r\n</td>\r\n</tr>\r\n<tr>\r\n<td>\r\n<p>Audio/Speaker</p>\r\n</td>\r\n<td>\r\n<p>Asus Sonic Master Technology</p>\r\n</td>\r\n</tr>\r\n<tr>\r\n<td>\r\n<p>Networking</p>\r\n</td>\r\n<td>\r\n<p>Integrated 10/100 BASE-T Ethernet LAN, 802.11b/g/n and Bluetooth 4.0 Combo</p>\r\n</td>\r\n</tr>\r\n<tr>\r\n<td>\r\n<p>Webcam</p>\r\n</td>\r\n<td>\r\n<p>HD Web Camera</p>\r\n</td>\r\n</tr>\r\n<tr>\r\n<td>\r\n<p>Card Reader</p>\r\n</td>\r\n<td>\r\n<p>Multi Format Card Reader</p>\r\n</td>\r\n</tr>\r\n<tr>\r\n<td>\r\n<p>Battery</p>\r\n</td>\r\n<td>\r\n<p>3 Cell Li-Ion</p>\r\n</td>\r\n</tr>\r\n</tbody>\r\n</table>', 48000.00, 'uploads/1caac13775.jpg', 1),
(66, 'Dell Inspiron 15-3567', 2, 15, '<p>Asus vivoBook X442UA laptop has Intel core i5 7th generation processor, 4 GB laptop RAM support up to 12 GB RAM, 1 TB hard disk drive, Intel HD graphics card, 14 inch laptop display, super multi DVD R/W, chiclet laptop keyboard, card reader, web camera, wifi, bluetootha and Asus sonic master audio technology.</p>\r\n<p><strong>Product Feature</strong></p>\r\n<table style=\"width: 607px;\" border=\"0\" cellspacing=\"0\" cellpadding=\"0\">\r\n<tbody>\r\n<tr>\r\n<td>\r\n<p>Laptop Type</p>\r\n</td>\r\n<td>\r\n<p>Laptop</p>\r\n</td>\r\n</tr>\r\n<tr>\r\n<td>\r\n<p>Processor Type</p>\r\n</td>\r\n<td>\r\n<p>Intel Core i5-7200U Processor</p>\r\n</td>\r\n</tr>\r\n<tr>\r\n<td>\r\n<p>Processor Speed</p>\r\n</td>\r\n<td>\r\n<p>3M Cache, 2.50 GHz Up To 3.10 GHz</p>\r\n</td>\r\n</tr>\r\n<tr>\r\n<td>\r\n<p>Chipset</p>\r\n</td>\r\n<td>\r\n<p>Intel Chipset</p>\r\n</td>\r\n</tr>\r\n<tr>\r\n<td>\r\n<p>Screen Size</p>\r\n</td>\r\n<td>\r\n<p>14 Inch Diagonal HD Bright View WLED-Backlit 1366 x 768</p>\r\n</td>\r\n</tr>\r\n<tr>\r\n<td>\r\n<p>RAM</p>\r\n</td>\r\n<td>\r\n<p>4 GB DDR4 2133MHz SDRAM</p>\r\n</td>\r\n</tr>\r\n<tr>\r\n<td>\r\n<p>Hard Disk</p>\r\n</td>\r\n<td>\r\n<p>1 TB 5400RPM SATA HDD</p>\r\n</td>\r\n</tr>\r\n<tr>\r\n<td>\r\n<p>Disk Type</p>\r\n</td>\r\n<td>\r\n<p>HDD</p>\r\n</td>\r\n</tr>\r\n<tr>\r\n<td>\r\n<p>Optical Drive</p>\r\n</td>\r\n<td>\r\n<p>Super Multi DVD R/W</p>\r\n</td>\r\n</tr>\r\n<tr>\r\n<td>\r\n<p>Graphics Card</p>\r\n</td>\r\n<td>\r\n<p>Intel HD Graphics 620</p>\r\n</td>\r\n</tr>\r\n<tr>\r\n<td>\r\n<p>Audio/Speaker</p>\r\n</td>\r\n<td>\r\n<p>Asus Sonic Master Technology</p>\r\n</td>\r\n</tr>\r\n<tr>\r\n<td>\r\n<p>Networking</p>\r\n</td>\r\n<td>\r\n<p>Integrated 10/100 BASE-T Ethernet LAN, 802.11b/g/n and Bluetooth 4.0 Combo</p>\r\n</td>\r\n</tr>\r\n<tr>\r\n<td>\r\n<p>Webcam</p>\r\n</td>\r\n<td>\r\n<p>HD Web Camera</p>\r\n</td>\r\n</tr>\r\n<tr>\r\n<td>\r\n<p>Card Reader</p>\r\n</td>\r\n<td>\r\n<p>Multi Format Card Reader</p>\r\n</td>\r\n</tr>\r\n<tr>\r\n<td>\r\n<p>Battery</p>\r\n</td>\r\n<td>\r\n<p>3 Cell Li-Ion</p>\r\n</td>\r\n</tr>\r\n</tbody>\r\n</table>', 57000.00, 'uploads/799e8d3552.jpg', 1),
(67, 'HP Probook 6460B', 2, 16, '<p>Asus vivoBook X442UA laptop has Intel core i5 7th generation processor, 4 GB laptop RAM support up to 12 GB RAM, 1 TB hard disk drive, Intel HD graphics card, 14 inch laptop display, super multi DVD R/W, chiclet laptop keyboard, card reader, web camera, wifi, bluetootha and Asus sonic master audio technology.</p>\r\n<p><strong>Product Feature</strong></p>\r\n<table style=\"width: 607px;\" border=\"0\" cellspacing=\"0\" cellpadding=\"0\">\r\n<tbody>\r\n<tr>\r\n<td>\r\n<p>Laptop Type</p>\r\n</td>\r\n<td>\r\n<p>Laptop</p>\r\n</td>\r\n</tr>\r\n<tr>\r\n<td>\r\n<p>Processor Type</p>\r\n</td>\r\n<td>\r\n<p>Intel Core i5-7200U Processor</p>\r\n</td>\r\n</tr>\r\n<tr>\r\n<td>\r\n<p>Processor Speed</p>\r\n</td>\r\n<td>\r\n<p>3M Cache, 2.50 GHz Up To 3.10 GHz</p>\r\n</td>\r\n</tr>\r\n<tr>\r\n<td>\r\n<p>Chipset</p>\r\n</td>\r\n<td>\r\n<p>Intel Chipset</p>\r\n</td>\r\n</tr>\r\n<tr>\r\n<td>\r\n<p>Screen Size</p>\r\n</td>\r\n<td>\r\n<p>14 Inch Diagonal HD Bright View WLED-Backlit 1366 x 768</p>\r\n</td>\r\n</tr>\r\n<tr>\r\n<td>\r\n<p>RAM</p>\r\n</td>\r\n<td>\r\n<p>4 GB DDR4 2133MHz SDRAM</p>\r\n</td>\r\n</tr>\r\n<tr>\r\n<td>\r\n<p>Hard Disk</p>\r\n</td>\r\n<td>\r\n<p>1 TB 5400RPM SATA HDD</p>\r\n</td>\r\n</tr>\r\n<tr>\r\n<td>\r\n<p>Disk Type</p>\r\n</td>\r\n<td>\r\n<p>HDD</p>\r\n</td>\r\n</tr>\r\n<tr>\r\n<td>\r\n<p>Optical Drive</p>\r\n</td>\r\n<td>\r\n<p>Super Multi DVD R/W</p>\r\n</td>\r\n</tr>\r\n<tr>\r\n<td>\r\n<p>Graphics Card</p>\r\n</td>\r\n<td>\r\n<p>Intel HD Graphics 620</p>\r\n</td>\r\n</tr>\r\n<tr>\r\n<td>\r\n<p>Audio/Speaker</p>\r\n</td>\r\n<td>\r\n<p>Asus Sonic Master Technology</p>\r\n</td>\r\n</tr>\r\n<tr>\r\n<td>\r\n<p>Networking</p>\r\n</td>\r\n<td>\r\n<p>Integrated 10/100 BASE-T Ethernet LAN, 802.11b/g/n and Bluetooth 4.0 Combo</p>\r\n</td>\r\n</tr>\r\n<tr>\r\n<td>\r\n<p>Webcam</p>\r\n</td>\r\n<td>\r\n<p>HD Web Camera</p>\r\n</td>\r\n</tr>\r\n<tr>\r\n<td>\r\n<p>Card Reader</p>\r\n</td>\r\n<td>\r\n<p>Multi Format Card Reader</p>\r\n</td>\r\n</tr>\r\n<tr>\r\n<td>\r\n<p>Battery</p>\r\n</td>\r\n<td>\r\n<p>3 Cell Li-Ion</p>\r\n</td>\r\n</tr>\r\n</tbody>\r\n</table>', 61000.00, 'uploads/1761bc2a38.jpg', 0),
(68, 'Hp Elitebook 8470P', 2, 16, '<p>Asus vivoBook X442UA laptop has Intel core i5 7th generation processor, 4 GB laptop RAM support up to 12 GB RAM, 1 TB hard disk drive, Intel HD graphics card, 14 inch laptop display, super multi DVD R/W, chiclet laptop keyboard, card reader, web camera, wifi, bluetootha and Asus sonic master audio technology.</p>\r\n<p><strong>Product Feature</strong></p>\r\n<table style=\"width: 607px;\" border=\"0\" cellspacing=\"0\" cellpadding=\"0\">\r\n<tbody>\r\n<tr>\r\n<td>\r\n<p>Laptop Type</p>\r\n</td>\r\n<td>\r\n<p>Laptop</p>\r\n</td>\r\n</tr>\r\n<tr>\r\n<td>\r\n<p>Processor Type</p>\r\n</td>\r\n<td>\r\n<p>Intel Core i5-7200U Processor</p>\r\n</td>\r\n</tr>\r\n<tr>\r\n<td>\r\n<p>Processor Speed</p>\r\n</td>\r\n<td>\r\n<p>3M Cache, 2.50 GHz Up To 3.10 GHz</p>\r\n</td>\r\n</tr>\r\n<tr>\r\n<td>\r\n<p>Chipset</p>\r\n</td>\r\n<td>\r\n<p>Intel Chipset</p>\r\n</td>\r\n</tr>\r\n<tr>\r\n<td>\r\n<p>Screen Size</p>\r\n</td>\r\n<td>\r\n<p>14 Inch Diagonal HD Bright View WLED-Backlit 1366 x 768</p>\r\n</td>\r\n</tr>\r\n<tr>\r\n<td>\r\n<p>RAM</p>\r\n</td>\r\n<td>\r\n<p>4 GB DDR4 2133MHz SDRAM</p>\r\n</td>\r\n</tr>\r\n<tr>\r\n<td>\r\n<p>Hard Disk</p>\r\n</td>\r\n<td>\r\n<p>1 TB 5400RPM SATA HDD</p>\r\n</td>\r\n</tr>\r\n<tr>\r\n<td>\r\n<p>Disk Type</p>\r\n</td>\r\n<td>\r\n<p>HDD</p>\r\n</td>\r\n</tr>\r\n<tr>\r\n<td>\r\n<p>Optical Drive</p>\r\n</td>\r\n<td>\r\n<p>Super Multi DVD R/W</p>\r\n</td>\r\n</tr>\r\n<tr>\r\n<td>\r\n<p>Graphics Card</p>\r\n</td>\r\n<td>\r\n<p>Intel HD Graphics 620</p>\r\n</td>\r\n</tr>\r\n<tr>\r\n<td>\r\n<p>Audio/Speaker</p>\r\n</td>\r\n<td>\r\n<p>Asus Sonic Master Technology</p>\r\n</td>\r\n</tr>\r\n<tr>\r\n<td>\r\n<p>Networking</p>\r\n</td>\r\n<td>\r\n<p>Integrated 10/100 BASE-T Ethernet LAN, 802.11b/g/n and Bluetooth 4.0 Combo</p>\r\n</td>\r\n</tr>\r\n<tr>\r\n<td>\r\n<p>Webcam</p>\r\n</td>\r\n<td>\r\n<p>HD Web Camera</p>\r\n</td>\r\n</tr>\r\n<tr>\r\n<td>\r\n<p>Card Reader</p>\r\n</td>\r\n<td>\r\n<p>Multi Format Card Reader</p>\r\n</td>\r\n</tr>\r\n<tr>\r\n<td>\r\n<p>Battery</p>\r\n</td>\r\n<td>\r\n<p>3 Cell Li-Ion</p>\r\n</td>\r\n</tr>\r\n</tbody>\r\n</table>', 41000.00, 'uploads/5db4883bff.jpg', 0),
(69, 'Acer Nitro AN515-51', 2, 4, '<p>Asus vivoBook X442UA laptop has Intel core i5 7th generation processor, 4 GB laptop RAM support up to 12 GB RAM, 1 TB hard disk drive, Intel HD graphics card, 14 inch laptop display, super multi DVD R/W, chiclet laptop keyboard, card reader, web camera, wifi, bluetootha and Asus sonic master audio technology.</p>\r\n<p><strong>Product Feature</strong></p>\r\n<table style=\"width: 607px;\" border=\"0\" cellspacing=\"0\" cellpadding=\"0\">\r\n<tbody>\r\n<tr>\r\n<td>\r\n<p>Laptop Type</p>\r\n</td>\r\n<td>\r\n<p>Laptop</p>\r\n</td>\r\n</tr>\r\n<tr>\r\n<td>\r\n<p>Processor Type</p>\r\n</td>\r\n<td>\r\n<p>Intel Core i5-7200U Processor</p>\r\n</td>\r\n</tr>\r\n<tr>\r\n<td>\r\n<p>Processor Speed</p>\r\n</td>\r\n<td>\r\n<p>3M Cache, 2.50 GHz Up To 3.10 GHz</p>\r\n</td>\r\n</tr>\r\n<tr>\r\n<td>\r\n<p>Chipset</p>\r\n</td>\r\n<td>\r\n<p>Intel Chipset</p>\r\n</td>\r\n</tr>\r\n<tr>\r\n<td>\r\n<p>Screen Size</p>\r\n</td>\r\n<td>\r\n<p>14 Inch Diagonal HD Bright View WLED-Backlit 1366 x 768</p>\r\n</td>\r\n</tr>\r\n<tr>\r\n<td>\r\n<p>RAM</p>\r\n</td>\r\n<td>\r\n<p>4 GB DDR4 2133MHz SDRAM</p>\r\n</td>\r\n</tr>\r\n<tr>\r\n<td>\r\n<p>Hard Disk</p>\r\n</td>\r\n<td>\r\n<p>1 TB 5400RPM SATA HDD</p>\r\n</td>\r\n</tr>\r\n<tr>\r\n<td>\r\n<p>Disk Type</p>\r\n</td>\r\n<td>\r\n<p>HDD</p>\r\n</td>\r\n</tr>\r\n<tr>\r\n<td>\r\n<p>Optical Drive</p>\r\n</td>\r\n<td>\r\n<p>Super Multi DVD R/W</p>\r\n</td>\r\n</tr>\r\n<tr>\r\n<td>\r\n<p>Graphics Card</p>\r\n</td>\r\n<td>\r\n<p>Intel HD Graphics 620</p>\r\n</td>\r\n</tr>\r\n<tr>\r\n<td>\r\n<p>Audio/Speaker</p>\r\n</td>\r\n<td>\r\n<p>Asus Sonic Master Technology</p>\r\n</td>\r\n</tr>\r\n<tr>\r\n<td>\r\n<p>Networking</p>\r\n</td>\r\n<td>\r\n<p>Integrated 10/100 BASE-T Ethernet LAN, 802.11b/g/n and Bluetooth 4.0 Combo</p>\r\n</td>\r\n</tr>\r\n<tr>\r\n<td>\r\n<p>Webcam</p>\r\n</td>\r\n<td>\r\n<p>HD Web Camera</p>\r\n</td>\r\n</tr>\r\n<tr>\r\n<td>\r\n<p>Card Reader</p>\r\n</td>\r\n<td>\r\n<p>Multi Format Card Reader</p>\r\n</td>\r\n</tr>\r\n<tr>\r\n<td>\r\n<p>Battery</p>\r\n</td>\r\n<td>\r\n<p>3 Cell Li-Ion</p>\r\n</td>\r\n</tr>\r\n</tbody>\r\n</table>\r\n<p>&nbsp;</p>', 42300.00, 'uploads/09841ae8a0.jpg', 0),
(70, 'Acer Nitro AN515-513', 2, 4, '<p>Asus vivoBook X442UA laptop has Intel core i5 7th generation processor, 4 GB laptop RAM support up to 12 GB RAM, 1 TB hard disk drive, Intel HD graphics card, 14 inch laptop display, super multi DVD R/W, chiclet laptop keyboard, card reader, web camera, wifi, bluetootha and Asus sonic master audio technology.</p>\r\n<p><strong>Product Feature</strong></p>\r\n<table style=\"width: 607px;\" border=\"0\" cellspacing=\"0\" cellpadding=\"0\">\r\n<tbody>\r\n<tr>\r\n<td>\r\n<p>Laptop Type</p>\r\n</td>\r\n<td>\r\n<p>Laptop</p>\r\n</td>\r\n</tr>\r\n<tr>\r\n<td>\r\n<p>Processor Type</p>\r\n</td>\r\n<td>\r\n<p>Intel Core i5-7200U Processor</p>\r\n</td>\r\n</tr>\r\n<tr>\r\n<td>\r\n<p>Processor Speed</p>\r\n</td>\r\n<td>\r\n<p>3M Cache, 2.50 GHz Up To 3.10 GHz</p>\r\n</td>\r\n</tr>\r\n<tr>\r\n<td>\r\n<p>Chipset</p>\r\n</td>\r\n<td>\r\n<p>Intel Chipset</p>\r\n</td>\r\n</tr>\r\n<tr>\r\n<td>\r\n<p>Screen Size</p>\r\n</td>\r\n<td>\r\n<p>14 Inch Diagonal HD Bright View WLED-Backlit 1366 x 768</p>\r\n</td>\r\n</tr>\r\n<tr>\r\n<td>\r\n<p>RAM</p>\r\n</td>\r\n<td>\r\n<p>4 GB DDR4 2133MHz SDRAM</p>\r\n</td>\r\n</tr>\r\n<tr>\r\n<td>\r\n<p>Hard Disk</p>\r\n</td>\r\n<td>\r\n<p>1 TB 5400RPM SATA HDD</p>\r\n</td>\r\n</tr>\r\n<tr>\r\n<td>\r\n<p>Disk Type</p>\r\n</td>\r\n<td>\r\n<p>HDD</p>\r\n</td>\r\n</tr>\r\n<tr>\r\n<td>\r\n<p>Optical Drive</p>\r\n</td>\r\n<td>\r\n<p>Super Multi DVD R/W</p>\r\n</td>\r\n</tr>\r\n<tr>\r\n<td>\r\n<p>Graphics Card</p>\r\n</td>\r\n<td>\r\n<p>Intel HD Graphics 620</p>\r\n</td>\r\n</tr>\r\n<tr>\r\n<td>\r\n<p>Audio/Speaker</p>\r\n</td>\r\n<td>\r\n<p>Asus Sonic Master Technology</p>\r\n</td>\r\n</tr>\r\n<tr>\r\n<td>\r\n<p>Networking</p>\r\n</td>\r\n<td>\r\n<p>Integrated 10/100 BASE-T Ethernet LAN, 802.11b/g/n and Bluetooth 4.0 Combo</p>\r\n</td>\r\n</tr>\r\n<tr>\r\n<td>\r\n<p>Webcam</p>\r\n</td>\r\n<td>\r\n<p>HD Web Camera</p>\r\n</td>\r\n</tr>\r\n<tr>\r\n<td>\r\n<p>Card Reader</p>\r\n</td>\r\n<td>\r\n<p>Multi Format Card Reader</p>\r\n</td>\r\n</tr>\r\n<tr>\r\n<td>\r\n<p>Battery</p>\r\n</td>\r\n<td>\r\n<p>3 Cell Li-Ion</p>\r\n</td>\r\n</tr>\r\n</tbody>\r\n</table>\r\n<p>&nbsp;</p>', 45300.00, 'uploads/5789ffd226.jpg', 0),
(71, 'HP Vivobook X442UA ', 2, 16, '<p>Asus vivoBook X442UA laptop has Intel core i5 7th generation processor, 4 GB laptop RAM support up to 12 GB RAM, 1 TB hard disk drive, Intel HD graphics card, 14 inch laptop display, super multi DVD R/W, chiclet laptop keyboard, card reader, web camera, wifi, bluetootha and Asus sonic master audio technology.</p>\r\n<p><strong>Product Feature</strong></p>\r\n<table style=\"width: 607px;\" border=\"0\" cellspacing=\"0\" cellpadding=\"0\">\r\n<tbody>\r\n<tr>\r\n<td>\r\n<p>Laptop Type</p>\r\n</td>\r\n<td>\r\n<p>Laptop</p>\r\n</td>\r\n</tr>\r\n<tr>\r\n<td>\r\n<p>Processor Type</p>\r\n</td>\r\n<td>\r\n<p>Intel Core i5-7200U Processor</p>\r\n</td>\r\n</tr>\r\n<tr>\r\n<td>\r\n<p>Processor Speed</p>\r\n</td>\r\n<td>\r\n<p>3M Cache, 2.50 GHz Up To 3.10 GHz</p>\r\n</td>\r\n</tr>\r\n<tr>\r\n<td>\r\n<p>Chipset</p>\r\n</td>\r\n<td>\r\n<p>Intel Chipset</p>\r\n</td>\r\n</tr>\r\n<tr>\r\n<td>\r\n<p>Screen Size</p>\r\n</td>\r\n<td>\r\n<p>14 Inch Diagonal HD Bright View WLED-Backlit 1366 x 768</p>\r\n</td>\r\n</tr>\r\n<tr>\r\n<td>\r\n<p>RAM</p>\r\n</td>\r\n<td>\r\n<p>4 GB DDR4 2133MHz SDRAM</p>\r\n</td>\r\n</tr>\r\n<tr>\r\n<td>\r\n<p>Hard Disk</p>\r\n</td>\r\n<td>\r\n<p>1 TB 5400RPM SATA HDD</p>\r\n</td>\r\n</tr>\r\n<tr>\r\n<td>\r\n<p>Disk Type</p>\r\n</td>\r\n<td>\r\n<p>HDD</p>\r\n</td>\r\n</tr>\r\n<tr>\r\n<td>\r\n<p>Optical Drive</p>\r\n</td>\r\n<td>\r\n<p>Super Multi DVD R/W</p>\r\n</td>\r\n</tr>\r\n<tr>\r\n<td>\r\n<p>Graphics Card</p>\r\n</td>\r\n<td>\r\n<p>Intel HD Graphics 620</p>\r\n</td>\r\n</tr>\r\n<tr>\r\n<td>\r\n<p>Audio/Speaker</p>\r\n</td>\r\n<td>\r\n<p>Asus Sonic Master Technology</p>\r\n</td>\r\n</tr>\r\n<tr>\r\n<td>\r\n<p>Networking</p>\r\n</td>\r\n<td>\r\n<p>Integrated 10/100 BASE-T Ethernet LAN, 802.11b/g/n and Bluetooth 4.0 Combo</p>\r\n</td>\r\n</tr>\r\n<tr>\r\n<td>\r\n<p>Webcam</p>\r\n</td>\r\n<td>\r\n<p>HD Web Camera</p>\r\n</td>\r\n</tr>\r\n<tr>\r\n<td>\r\n<p>Card Reader</p>\r\n</td>\r\n<td>\r\n<p>Multi Format Card Reader</p>\r\n</td>\r\n</tr>\r\n<tr>\r\n<td>\r\n<p>Battery</p>\r\n</td>\r\n<td>\r\n<p>3 Cell Li-Ion</p>\r\n</td>\r\n</tr>\r\n</tbody>\r\n</table>\r\n<p>&nbsp;</p>', 66000.00, 'uploads/272157b3cb.jpg', 1),
(72, 'Apple iPhone 7', 3, 1, '<p><span>Apple iPhone 7 smartphone was launched in September 2016. The phone comes with a 4.70-inch touchscreen display with a resolution of 750 pixels by 1334 pixels at a PPI of 326 pixels per inch. Apple iPhone 7 price in India starts from Rs. 44,999. <br /><br /> The Apple iPhone 7 is powered by quad-core Apple A10 Fusion processor and it comes with 2GB of RAM. The phone packs 32GB of internal storage that cannot be expanded. As far as the cameras are concerned, the Apple iPhone 7 packs a 12-megapixel primary camera on the rear and a 7-megapixel front shooter for </span></p>\r\n<p>FEATURES</p>\r\n<ul class=\"_kYe\">\r\n<li class=\"_AXc\">Display. 4.70-inch.</li>\r\n<li class=\"_AXc\">Processor. quad-core.</li>\r\n<li class=\"_AXc\">Front Camera. 7-megapixel.</li>\r\n<li class=\"_AXc\">Resolution. 750x1334 pixels.</li>\r\n<li class=\"_AXc\">RAM. 2GB.</li>\r\n<li class=\"_AXc\">OS. iOS 10.</li>\r\n<li class=\"_AXc\">Storage. 32GB.</li>\r\n<li class=\"_AXc\">Rear Camera. 12-megapixel.</li>\r\n</ul>', 99900.00, 'uploads/21d9e5056f.jpg', 0);

--
-- Indexes for dumped tables
--

--
-- Indexes for table `tbl_admin`
--
ALTER TABLE `tbl_admin`
  ADD PRIMARY KEY (`adminId`);

--
-- Indexes for table `tbl_brand`
--
ALTER TABLE `tbl_brand`
  ADD PRIMARY KEY (`brandId`);

--
-- Indexes for table `tbl_cart`
--
ALTER TABLE `tbl_cart`
  ADD PRIMARY KEY (`cartId`);

--
-- Indexes for table `tbl_category`
--
ALTER TABLE `tbl_category`
  ADD PRIMARY KEY (`catId`);

--
-- Indexes for table `tbl_compare`
--
ALTER TABLE `tbl_compare`
  ADD PRIMARY KEY (`id`);

--
-- Indexes for table `tbl_customer`
--
ALTER TABLE `tbl_customer`
  ADD PRIMARY KEY (`id`);

--
-- Indexes for table `tbl_order`
--
ALTER TABLE `tbl_order`
  ADD PRIMARY KEY (`id`);

--
-- Indexes for table `tbl_product`
--
ALTER TABLE `tbl_product`
  ADD PRIMARY KEY (`productId`);

--
-- AUTO_INCREMENT for dumped tables
--

--
-- AUTO_INCREMENT for table `tbl_admin`
--
ALTER TABLE `tbl_admin`
  MODIFY `adminId` int(11) NOT NULL AUTO_INCREMENT, AUTO_INCREMENT=2;

--
-- AUTO_INCREMENT for table `tbl_brand`
--
ALTER TABLE `tbl_brand`
  MODIFY `brandId` int(11) NOT NULL AUTO_INCREMENT, AUTO_INCREMENT=17;

--
-- AUTO_INCREMENT for table `tbl_cart`
--
ALTER TABLE `tbl_cart`
  MODIFY `cartId` int(11) NOT NULL AUTO_INCREMENT;

--
-- AUTO_INCREMENT for table `tbl_category`
--
ALTER TABLE `tbl_category`
  MODIFY `catId` int(11) NOT NULL AUTO_INCREMENT, AUTO_INCREMENT=16;

--
-- AUTO_INCREMENT for table `tbl_compare`
--
ALTER TABLE `tbl_compare`
  MODIFY `id` int(11) NOT NULL AUTO_INCREMENT;

--
-- AUTO_INCREMENT for table `tbl_customer`
--
ALTER TABLE `tbl_customer`
  MODIFY `id` int(11) NOT NULL AUTO_INCREMENT, AUTO_INCREMENT=3;

--
-- AUTO_INCREMENT for table `tbl_order`
--
ALTER TABLE `tbl_order`
  MODIFY `id` int(11) NOT NULL AUTO_INCREMENT, AUTO_INCREMENT=187;

--
-- AUTO_INCREMENT for table `tbl_product`
--
ALTER TABLE `tbl_product`
  MODIFY `productId` int(11) NOT NULL AUTO_INCREMENT, AUTO_INCREMENT=73;
COMMIT;

/*!40101 SET CHARACTER_SET_CLIENT=@OLD_CHARACTER_SET_CLIENT */;
/*!40101 SET CHARACTER_SET_RESULTS=@OLD_CHARACTER_SET_RESULTS */;
/*!40101 SET COLLATION_CONNECTION=@OLD_COLLATION_CONNECTION */;
